MolecularWeight,XLogP,ExactMass,MonoisotopicMass,TPSA,Complexity,Charge,HBondDonorCount,HBondAcceptorCount,RotatableBondCount,HeavyAtomCount,IsotopeAtomCount,AtomStereoCount,DefinedAtomStereoCount,UndefinedAtomStereoCount,BondStereoCount,DefinedBondStereoCount,UndefinedBondStereoCount,CovalentUnitCount,Volume3D,XStericQuadrupole3D,YStericQuadrupole3D,ZStericQuadrupole3D,FeatureCount3D,FeatureAcceptorCount3D,FeatureDonorCount3D,FeatureAnionCount3D,FeatureCationCount3D,FeatureRingCount3D,FeatureHydrophobeCount3D,ConformerModelRMSD3D,EffectiveRotorCount3D,ConformerCount3D
697.8,4.9,697.30982593,697.30982593,201.0,1330.0,0.0,6.0,12.0,3.0,50.0,0.0,9.0,9.0,0.0,3.0,3.0,0.0,1.0,521.6,11.58,6.15,3.07,17.0,8.0,6.0,0.0,0.0,3.0,0.0,1.0,5.2,1.0
267.24,-1.1,267.09675391,267.09675391,140.0,335.0,0.0,4.0,8.0,2.0,19.0,0.0,4.0,0.0,4.0,0.0,0.0,0.0,1.0,182.4,8.71,1.91,0.96,15.0,4.0,4.0,0.0,4.0,3.0,0.0,0.6,3.0,10.0
306.27,0.4,306.10406535,306.10406535,81.6,358.0,0.0,1.0,7.0,5.0,22.0,0.0,0.0,0.0,0.0,0.0,0.0,0.0,1.0,220.7,6.4,3.7,1.36,9.0,1.0,1.0,0.0,4.0,3.0,0.0,0.8,5.0,10.0
312.4,1.1,312.20490738,312.20490738,90.6,418.0,0.0,2.0,5.0,8.0,22.0,0.0,3.0,3.0,0.0,0.0,0.0,0.0,1.0,248.7,9.58,4.16,1.15,9.0,3.0,2.0,0.0,1.0,1.0,2.0,1.0,9.8,10.0
248.71,2.7,248.0828741,248.0828741,77.8,243.0,0.0,2.0,4.0,2.0,17.0,0.0,0.0,0.0,0.0,0.0,0.0,0.0,1.0,187.0,7.41,2.13,1.02,6.0,0.0,2.0,0.0,1.0,2.0,1.0,0.6,2.0,1.0
401.4,0.6,401.17508442,401.17508442,82.1,727.0,0.0,2.0,8.0,4.0,29.0,0.0,2.0,2.0,0.0,0.0,0.0,0.0,1.0,298.6,13.71,3.29,1.02,13.0,4.0,1.0,1.0,3.0,4.0,0.0,0.8,6.0,6.0
567.8,5.7,567.3130781,567.3130781,127.0,830.0,0.0,4.0,6.0,10.0,40.0,0.0,5.0,5.0,0.0,0.0,0.0,0.0,1.0,450.8,15.86,8.74,2.82,13.0,3.0,4.0,0.0,1.0,4.0,1.0,1.4,13.6,10.0
613.8,2.8,613.362805,613.362805,118.0,952.0,0.0,4.0,7.0,12.0,45.0,0.0,5.0,5.0,0.0,0.0,0.0,0.0,1.0,490.5,25.32,7.1,2.79,17.0,5.0,4.0,0.0,2.0,5.0,1.0,1.6,15.8,10.0
525.6,-2.4,525.10351377,525.10351377,251.0,848.0,0.0,3.0,13.0,10.0,34.0,0.0,2.0,2.0,0.0,0.0,0.0,0.0,1.0,374.5,17.74,5.53,2.48,14.0,4.0,2.0,1.0,3.0,4.0,0.0,1.2,11.6,10.0
153.14,-1.4,153.042593085,153.042593085,72.6,149.0,0.0,2.0,4.0,2.0,11.0,0.0,0.0,0.0,0.0,0.0,0.0,0.0,1.0,115.2,3.01,2.35,0.71,4.0,2.0,0.0,1.0,0.0,1.0,0.0,0.4,2.0,9.0
266.3,2.0,266.11676108,266.11676108,58.1,397.0,0.0,1.0,4.0,1.0,20.0,0.0,0.0,0.0,0.0,0.0,0.0,0.0,1.0,204.8,5.87,3.5,1.16,7.0,2.0,1.0,0.0,1.0,3.0,0.0,0.6,2.0,2.0
429.1,6.1,428.978323,426.981273,39.4,481.0,0.0,0.0,3.0,6.0,26.0,0.0,0.0,0.0,0.0,1.0,1.0,0.0,1.0,301.4,11.19,4.94,2.12,5.0,1.0,0.0,0.0,1.0,3.0,0.0,0.8,6.0,10.0
354.1,-1.0,353.97127,353.97127,99.1,386.0,0.0,3.0,5.0,2.0,17.0,0.0,3.0,3.0,0.0,0.0,0.0,0.0,1.0,191.2,6.48,3.11,0.81,11.0,5.0,3.0,0.0,0.0,2.0,1.0,0.6,3.0,10.0
248.3,1.0,248.0619488,248.0619488,94.6,306.0,0.0,2.0,4.0,2.0,17.0,0.0,0.0,0.0,0.0,0.0,0.0,0.0,1.0,186.3,8.1,1.89,1.47,8.0,2.0,2.0,0.0,2.0,2.0,0.0,0.6,2.0,1.0
532.5,4.8,531.1803953,531.1803953,64.9,693.0,0.0,0.0,7.0,8.0,36.0,0.0,2.0,2.0,0.0,0.0,0.0,0.0,1.0,396.0,31.42,4.51,1.65,13.0,3.0,0.0,0.0,4.0,5.0,1.0,1.2,10.2,10.0
344.8,5.0,344.1080262,344.1080262,17.8,396.0,0.0,0.0,1.0,4.0,25.0,0.0,0.0,0.0,0.0,0.0,0.0,0.0,1.0,265.5,4.38,3.6,3.24,5.0,0.0,0.0,0.0,1.0,4.0,0.0,0.8,4.0,3.0
172.21,-0.6,172.03064868,172.03064868,94.6,211.0,0.0,2.0,4.0,1.0,11.0,0.0,0.0,0.0,0.0,0.0,0.0,0.0,1.0,123.0,4.79,1.39,0.84,6.0,2.0,2.0,0.0,1.0,1.0,0.0,0.4,1.0,1.0
102.09,-1.5,102.042927438,102.042927438,64.4,92.0,0.0,2.0,3.0,0.0,7.0,0.0,1.0,0.0,1.0,0.0,0.0,0.0,1.0,74.2,1.78,1.61,0.6,5.0,1.0,2.0,0.0,1.0,1.0,0.0,0.4,0.8,1.0
267.31,1.0,267.06776246,267.06776246,107.0,374.0,0.0,2.0,6.0,3.0,18.0,0.0,0.0,0.0,0.0,0.0,0.0,0.0,1.0,196.1,11.45,1.66,1.17,8.0,3.0,2.0,0.0,1.0,2.0,0.0,0.6,3.0,10.0
511.6,0.0,511.0514782,511.0514782,270.0,890.0,0.0,3.0,14.0,8.0,33.0,0.0,2.0,2.0,0.0,1.0,1.0,0.0,1.0,355.5,18.06,4.71,1.7,14.0,5.0,2.0,1.0,2.0,4.0,0.0,1.0,9.6,10.0
471.5,-0.6,471.04533019,471.04533019,239.0,818.0,0.0,2.0,12.0,9.0,30.0,0.0,2.0,2.0,0.0,0.0,0.0,0.0,1.0,331.8,13.55,4.78,1.8,12.0,6.0,1.0,1.0,1.0,3.0,0.0,1.0,10.6,10.0
453.9,2.6,453.0561477,453.0561477,138.0,758.0,0.0,2.0,8.0,4.0,30.0,0.0,3.0,3.0,0.0,0.0,0.0,0.0,1.0,321.6,8.92,3.38,2.18,12.0,5.0,1.0,1.0,0.0,4.0,1.0,0.8,5.8,10.0
475.5,-1.5,475.14132132,475.14132132,182.0,893.0,0.0,5.0,9.0,7.0,33.0,0.0,6.0,6.0,0.0,0.0,0.0,0.0,1.0,350.5,28.11,2.43,1.77,16.0,7.0,3.0,2.0,1.0,3.0,0.0,1.0,9.4,10.0
204.31,-0.1,204.183778013,204.183778013,64.5,109.0,0.0,4.0,4.0,9.0,14.0,0.0,2.0,2.0,0.0,0.0,0.0,0.0,1.0,170.3,11.49,1.52,0.96,10.0,2.0,4.0,0.0,2.0,0.0,2.0,0.8,9.0,10.0
123.11,-0.6,123.043261792,123.043261792,68.9,115.0,0.0,1.0,3.0,1.0,9.0,0.0,0.0,0.0,0.0,0.0,0.0,0.0,1.0,92.5,3.4,1.44,0.58,5.0,3.0,1.0,0.0,0.0,1.0,0.0,0.4,1.0,4.0
378.31,3.6,378.11668211,378.11668211,45.2,483.0,0.0,2.0,9.0,2.0,26.0,0.0,2.0,0.0,2.0,0.0,0.0,0.0,1.0,259.4,9.07,3.86,1.34,8.0,2.0,2.0,0.0,1.0,3.0,0.0,0.8,5.2,10.0
250.28,-0.1,250.05244675,250.05244675,106.0,327.0,0.0,2.0,6.0,3.0,17.0,0.0,0.0,0.0,0.0,0.0,0.0,0.0,1.0,181.8,5.32,2.97,1.26,8.0,3.0,2.0,0.0,1.0,2.0,0.0,0.6,3.0,10.0
359.4,-0.2,359.16451973,359.16451973,72.9,636.0,0.0,2.0,7.0,3.0,26.0,0.0,1.0,0.0,1.0,0.0,0.0,0.0,1.0,272.1,11.73,3.76,0.85,11.0,3.0,1.0,1.0,3.0,3.0,0.0,0.8,4.8,10.0
354.8,1.8,354.087016,354.087016,71.1,525.0,0.0,0.0,6.0,3.0,24.0,0.0,3.0,2.0,1.0,0.0,0.0,0.0,1.0,258.5,7.92,2.98,1.84,9.0,6.0,0.0,0.0,0.0,3.0,0.0,0.8,4.0,4.0
349.4,-1.1,349.10962727,349.10962727,138.0,562.0,0.0,3.0,6.0,4.0,24.0,0.0,4.0,4.0,0.0,0.0,0.0,0.0,1.0,260.6,9.38,3.29,1.38,11.0,4.0,2.0,1.0,1.0,2.0,1.0,0.8,5.8,10.0
349.4,2.7,349.08581782,349.08581782,124.0,541.0,-1.0,1.0,6.0,4.0,24.0,0.0,3.0,3.0,0.0,0.0,0.0,0.0,1.0,259.6,16.98,2.26,1.28,10.0,5.0,1.0,1.0,0.0,2.0,1.0,0.8,6.8,10.0
219.28,-0.6,219.14705815,219.14705815,84.2,190.0,0.0,4.0,5.0,4.0,15.0,0.0,4.0,4.0,0.0,0.0,0.0,0.0,1.0,168.0,5.93,2.85,1.0,11.0,4.0,4.0,0.0,1.0,1.0,1.0,0.6,5.2,10.0
321.33,0.0,321.1437041,321.1437041,122.0,404.0,0.0,1.0,8.0,9.0,23.0,0.0,0.0,0.0,0.0,0.0,0.0,0.0,1.0,239.4,10.05,4.89,1.43,7.0,2.0,1.0,0.0,2.0,2.0,0.0,1.0,9.0,10.0
612.6,-0.1,612.12093748,612.12093748,259.0,1270.0,0.0,5.0,13.0,9.0,42.0,0.0,3.0,2.0,1.0,0.0,0.0,0.0,1.0,441.8,28.9,7.01,1.71,18.0,6.0,4.0,1.0,2.0,5.0,0.0,1.2,11.6,10.0
296.2,-0.5,296.06200594,296.06200594,99.1,464.0,0.0,3.0,8.0,2.0,20.0,0.0,3.0,0.0,3.0,0.0,0.0,0.0,1.0,196.2,7.43,2.82,1.19,10.0,5.0,3.0,0.0,0.0,2.0,0.0,0.6,4.0,10.0
546.6,0.4,546.09913941,546.09913941,245.0,1020.0,0.0,3.0,12.0,8.0,37.0,0.0,2.0,2.0,0.0,1.0,1.0,0.0,1.0,395.6,23.3,3.31,1.96,17.0,7.0,2.0,2.0,1.0,4.0,1.0,1.2,10.6,10.0
290.32,0.9,290.13789045,290.13789045,106.0,307.0,0.0,2.0,7.0,5.0,21.0,0.0,0.0,0.0,0.0,0.0,0.0,0.0,1.0,219.9,9.13,2.82,1.41,8.0,3.0,2.0,0.0,1.0,2.0,0.0,0.8,5.0,10.0
323.13,1.1,322.0123269,322.0123269,115.0,342.0,0.0,3.0,5.0,5.0,20.0,0.0,2.0,0.0,2.0,0.0,0.0,0.0,1.0,221.6,13.83,1.6,1.21,10.0,5.0,3.0,1.0,0.0,1.0,0.0,0.8,7.0,10.0
614.6,-9.0,614.31228554,614.31228554,353.0,872.0,0.0,13.0,19.0,9.0,42.0,0.0,19.0,19.0,0.0,0.0,0.0,0.0,1.0,424.1,12.42,5.91,3.21,36.0,13.0,13.0,0.0,6.0,4.0,0.0,1.2,13.6,10.0
396.4,-0.4,396.04497858,396.04497858,167.0,680.0,0.0,2.0,8.0,7.0,26.0,0.0,2.0,2.0,0.0,0.0,0.0,0.0,1.0,284.9,16.25,2.36,1.81,10.0,5.0,1.0,1.0,0.0,3.0,0.0,1.0,8.6,10.0
320.32,-0.2,320.12846858,320.12846858,85.8,521.0,0.0,2.0,8.0,3.0,23.0,0.0,0.0,0.0,0.0,0.0,0.0,0.0,1.0,235.1,11.23,2.84,0.77,11.0,3.0,1.0,1.0,3.0,3.0,0.0,0.8,4.2,5.0
324.4,2.9,324.183778013,324.183778013,45.6,457.0,0.0,1.0,4.0,4.0,24.0,0.0,4.0,4.0,0.0,0.0,0.0,0.0,1.0,252.1,8.57,4.07,1.3,9.0,3.0,1.0,0.0,1.0,3.0,1.0,0.8,5.2,5.0
179.3,2.6,179.167399674,179.167399674,26.0,180.0,0.0,1.0,1.0,1.0,13.0,0.0,1.0,0.0,1.0,0.0,0.0,0.0,1.0,138.9,3.39,1.56,1.37,6.0,0.0,1.0,0.0,1.0,4.0,0.0,0.6,2.2,1.0
585.6,-7.9,585.28573644,585.28573644,332.0,819.0,0.0,13.0,17.0,10.0,40.0,0.0,16.0,16.0,0.0,0.0,0.0,0.0,1.0,408.6,10.99,8.01,2.02,33.0,13.0,13.0,0.0,4.0,3.0,0.0,1.2,14.6,10.0
470.3,2.9,469.0265972,469.0265972,138.0,746.0,0.0,2.0,7.0,4.0,30.0,0.0,3.0,3.0,0.0,0.0,0.0,0.0,1.0,329.1,8.85,3.37,2.33,12.0,5.0,1.0,1.0,0.0,4.0,1.0,0.8,5.8,10.0
333.36,0.3,333.14886967,333.14886967,64.1,545.0,0.0,1.0,7.0,3.0,24.0,0.0,0.0,0.0,0.0,0.0,0.0,0.0,1.0,251.9,13.12,2.77,0.77,10.0,3.0,0.0,1.0,3.0,3.0,0.0,0.8,4.2,6.0
267.24,0.0,267.09675391,267.09675391,93.2,484.0,0.0,2.0,6.0,3.0,19.0,0.0,3.0,3.0,0.0,0.0,0.0,0.0,1.0,193.1,8.65,2.61,0.77,8.0,4.0,2.0,0.0,0.0,2.0,0.0,0.6,4.0,10.0
307.28,2.0,307.02629157,307.02629157,142.0,428.0,0.0,1.0,7.0,4.0,21.0,0.0,0.0,0.0,0.0,0.0,0.0,0.0,1.0,220.2,12.11,2.83,0.99,8.0,4.0,1.0,1.0,0.0,2.0,0.0,0.8,6.0,10.0
265.33,2.9,265.0884979,265.0884979,92.3,291.0,0.0,2.0,4.0,5.0,18.0,0.0,0.0,0.0,0.0,0.0,0.0,0.0,1.0,202.3,15.65,1.34,1.13,6.0,1.0,2.0,0.0,0.0,2.0,1.0,0.8,6.0,10.0
307.4,5.5,307.10308534,307.10308534,44.6,386.0,0.0,0.0,2.0,3.0,22.0,0.0,0.0,0.0,0.0,0.0,0.0,0.0,1.0,247.7,7.72,3.68,1.72,4.0,1.0,0.0,0.0,0.0,3.0,0.0,0.8,4.0,10.0
395.4,0.0,395.03581088,395.03581088,212.0,739.0,0.0,4.0,10.0,5.0,26.0,0.0,2.0,2.0,0.0,1.0,1.0,0.0,1.0,277.9,12.64,3.5,1.41,14.0,5.0,2.0,2.0,1.0,3.0,1.0,0.8,6.6,10.0
331.34,-1.1,331.13321961,331.13321961,72.9,571.0,0.0,2.0,7.0,3.0,24.0,0.0,0.0,0.0,0.0,0.0,0.0,0.0,1.0,248.0,10.98,3.4,0.78,11.0,3.0,1.0,1.0,3.0,3.0,0.0,0.8,4.8,5.0
332.31,-3.2,332.13319899,332.13319899,201.0,518.0,0.0,7.0,8.0,6.0,23.0,0.0,5.0,5.0,0.0,0.0,0.0,0.0,1.0,234.9,7.72,4.75,0.98,16.0,7.0,6.0,1.0,1.0,1.0,0.0,0.8,7.8,10.0
270.3,0.5,270.02451792,270.02451792,135.0,349.0,0.0,2.0,7.0,3.0,17.0,0.0,0.0,0.0,0.0,0.0,0.0,0.0,1.0,189.8,5.76,3.24,1.28,9.0,4.0,2.0,0.0,1.0,2.0,0.0,0.6,3.0,10.0
378.4,1.1,378.08855747,378.08855747,149.0,645.0,0.0,3.0,7.0,5.0,26.0,0.0,4.0,3.0,1.0,0.0,0.0,0.0,1.0,278.3,11.46,3.51,1.21,13.0,6.0,1.0,3.0,0.0,2.0,1.0,0.8,6.8,10.0
349.31,1.5,349.11504457,349.11504457,76.7,448.0,0.0,1.0,8.0,5.0,25.0,0.0,2.0,2.0,0.0,0.0,0.0,0.0,1.0,250.8,7.94,3.61,1.52,10.0,2.0,1.0,0.0,3.0,3.0,1.0,0.8,5.0,10.0
86.14,-1.5,86.084398327,86.084398327,24.1,26.0,0.0,2.0,2.0,0.0,6.0,0.0,0.0,0.0,0.0,0.0,0.0,0.0,1.0,68.8,1.64,1.54,0.64,5.0,0.0,2.0,0.0,2.0,1.0,0.0,0.4,1.2,1.0
337.35,0.7,337.14378429,337.14378429,71.1,472.0,0.0,1.0,6.0,4.0,24.0,0.0,1.0,1.0,0.0,0.0,0.0,0.0,1.0,252.6,19.58,1.72,0.98,8.0,3.0,1.0,0.0,1.0,3.0,0.0,0.8,7.0,10.0
319.9,4.6,319.1815255,319.1815255,28.2,309.0,0.0,1.0,3.0,8.0,22.0,0.0,1.0,0.0,1.0,0.0,0.0,0.0,1.0,255.7,10.27,3.1,1.88,6.0,1.0,1.0,0.0,2.0,2.0,0.0,0.8,8.0,10.0
166.25,1.1,166.0564695,166.0564695,71.0,147.0,0.0,1.0,2.0,2.0,11.0,0.0,0.0,0.0,0.0,0.0,0.0,0.0,1.0,132.7,4.8,2.11,0.74,4.0,2.0,0.0,0.0,0.0,1.0,1.0,0.4,2.0,10.0
355.9,2.6,355.14514,355.14514,48.4,406.0,0.0,2.0,4.0,6.0,25.0,0.0,0.0,0.0,0.0,0.0,0.0,0.0,1.0,276.4,13.01,3.5,1.58,8.0,1.0,2.0,0.0,2.0,3.0,0.0,0.8,6.0,10.0
225.16,-0.1,225.03857033,225.03857033,101.0,326.0,0.0,0.0,6.0,2.0,16.0,0.0,0.0,0.0,0.0,1.0,1.0,0.0,1.0,158.7,5.08,1.93,1.43,8.0,5.0,0.0,1.0,0.0,2.0,0.0,0.6,3.8,10.0
464.9,0.7,464.0986433,464.0986433,182.0,961.0,0.0,6.0,9.0,2.0,32.0,0.0,5.0,5.0,0.0,0.0,0.0,0.0,1.0,323.1,11.83,2.8,2.2,16.0,5.0,6.0,0.0,1.0,4.0,0.0,0.8,2.6,4.0
315.67,4.0,315.0273907,315.0273907,38.3,519.0,0.0,1.0,5.0,1.0,21.0,0.0,1.0,1.0,0.0,0.0,0.0,0.0,1.0,218.7,6.34,3.72,1.61,4.0,1.0,1.0,0.0,0.0,2.0,0.0,0.6,2.2,1.0
214.24,-1.0,214.04121336,214.04121336,97.6,299.0,0.0,2.0,4.0,2.0,14.0,0.0,0.0,0.0,0.0,0.0,0.0,0.0,1.0,155.4,5.82,1.93,1.26,7.0,3.0,2.0,0.0,1.0,1.0,0.0,0.6,3.0,10.0
411.8,6.4,410.017803,410.017803,43.1,383.0,0.0,0.0,2.0,7.0,25.0,0.0,1.0,0.0,1.0,0.0,0.0,0.0,1.0,299.8,11.74,5.46,1.42,5.0,0.0,0.0,0.0,1.0,3.0,1.0,0.8,7.0,10.0
295.29,2.8,295.09569129,295.09569129,84.1,423.0,0.0,2.0,4.0,4.0,22.0,0.0,0.0,0.0,0.0,0.0,0.0,0.0,1.0,226.9,16.74,1.69,1.14,7.0,2.0,2.0,0.0,0.0,3.0,0.0,0.8,5.0,8.0
224.21,-0.8,224.07970687,224.07970687,78.9,388.0,0.0,2.0,4.0,2.0,16.0,0.0,2.0,2.0,0.0,0.0,0.0,0.0,1.0,165.0,5.9,2.5,0.91,8.0,4.0,2.0,0.0,0.0,2.0,0.0,0.6,2.6,8.0
280.31,0.7,280.06301143,280.06301143,116.0,376.0,0.0,2.0,7.0,4.0,19.0,0.0,0.0,0.0,0.0,0.0,0.0,0.0,1.0,203.3,4.98,3.02,1.85,8.0,3.0,2.0,0.0,1.0,2.0,0.0,0.6,4.0,10.0
453.5,-0.7,453.04129018,453.04129018,238.0,861.0,0.0,4.0,12.0,8.0,30.0,0.0,2.0,2.0,0.0,1.0,1.0,0.0,1.0,318.2,16.39,3.14,1.83,16.0,7.0,2.0,2.0,1.0,3.0,1.0,1.0,9.6,10.0
467.5,-6.2,467.25912777,467.25912777,268.0,609.0,0.0,10.0,14.0,6.0,32.0,0.0,14.0,14.0,0.0,0.0,0.0,0.0,1.0,328.6,8.19,4.85,2.26,27.0,9.0,10.0,0.0,5.0,3.0,0.0,1.0,9.6,10.0
416.4,0.3,416.10962484,416.10962484,99.8,770.0,0.0,2.0,10.0,3.0,30.0,0.0,2.0,2.0,0.0,0.0,0.0,0.0,1.0,296.7,10.74,6.09,1.01,12.0,3.0,1.0,1.0,3.0,4.0,0.0,0.8,3.8,6.0
238.16,-0.5,238.0338193,238.0338193,121.0,390.0,0.0,1.0,6.0,2.0,17.0,0.0,0.0,0.0,0.0,1.0,1.0,0.0,1.0,165.9,4.99,2.38,1.39,10.0,6.0,1.0,1.0,0.0,2.0,0.0,0.6,3.6,10.0
505.6,2.9,505.22465702,505.22465702,140.0,745.0,0.0,3.0,8.0,12.0,35.0,0.0,3.0,3.0,0.0,0.0,0.0,0.0,1.0,389.5,14.54,5.94,3.14,13.0,5.0,3.0,0.0,1.0,3.0,1.0,1.2,14.0,10.0
456.6,2.4,456.19435995,456.19435995,119.0,749.0,0.0,3.0,7.0,6.0,32.0,0.0,0.0,0.0,0.0,0.0,0.0,0.0,1.0,346.7,21.73,3.82,2.09,15.0,4.0,3.0,0.0,3.0,4.0,1.0,1.0,8.2,10.0
229.26,-0.9,229.05211239,229.05211239,113.0,331.0,0.0,2.0,4.0,2.0,15.0,0.0,2.0,2.0,0.0,0.0,0.0,0.0,1.0,163.5,7.0,1.91,0.87,8.0,3.0,3.0,0.0,0.0,2.0,0.0,0.6,3.0,10.0
199.29,0.3,199.168462302,199.168462302,26.8,184.0,0.0,0.0,2.0,2.0,14.0,0.0,0.0,0.0,0.0,0.0,0.0,0.0,1.0,163.6,6.42,1.68,1.39,3.0,1.0,0.0,0.0,1.0,1.0,0.0,0.6,5.2,10.0
401.4,2.4,401.10454189,401.10454189,138.0,681.0,0.0,2.0,7.0,4.0,28.0,0.0,3.0,3.0,0.0,0.0,0.0,0.0,1.0,297.2,9.41,3.98,1.73,12.0,5.0,1.0,1.0,0.0,4.0,1.0,0.8,5.8,10.0
501.5,1.8,501.19884999,501.19884999,167.0,706.0,0.0,1.0,12.0,15.0,34.0,0.0,0.0,0.0,0.0,0.0,0.0,0.0,1.0,373.3,10.84,4.82,2.18,13.0,4.0,1.0,0.0,4.0,2.0,2.0,1.2,15.0,10.0
201.25,2.5,201.03606841,201.03606841,69.8,212.0,0.0,1.0,3.0,1.0,14.0,0.0,0.0,0.0,0.0,0.0,0.0,0.0,1.0,152.3,8.57,1.48,0.61,6.0,1.0,1.0,0.0,1.0,3.0,0.0,0.4,1.0,2.0
287.4,5.1,287.167399674,287.167399674,3.2,342.0,0.0,0.0,1.0,5.0,22.0,0.0,0.0,0.0,0.0,1.0,1.0,0.0,1.0,245.9,12.55,3.5,1.14,4.0,0.0,0.0,0.0,1.0,3.0,0.0,0.8,5.0,10.0
340.4,2.6,340.18992602,340.18992602,118.0,376.0,0.0,4.0,4.0,10.0,25.0,0.0,0.0,0.0,0.0,0.0,0.0,0.0,1.0,274.9,36.57,2.11,1.16,10.0,2.0,4.0,0.0,2.0,2.0,0.0,1.0,10.0,10.0
406.9,7.5,405.846945,403.849896,40.5,328.0,0.0,2.0,2.0,2.0,21.0,0.0,0.0,0.0,0.0,0.0,0.0,0.0,1.0,253.5,7.95,2.94,1.7,4.0,0.0,2.0,0.0,0.0,2.0,0.0,0.6,2.0,8.0
199.16,-1.2,199.04807239,199.04807239,87.1,324.0,0.0,2.0,5.0,2.0,14.0,0.0,2.0,2.0,0.0,1.0,1.0,0.0,1.0,141.9,4.09,2.55,1.14,8.0,5.0,1.0,1.0,0.0,1.0,0.0,0.6,2.6,4.0
232.23,1.4,232.08479225,232.08479225,70.5,378.0,0.0,1.0,5.0,2.0,17.0,0.0,0.0,0.0,0.0,0.0,0.0,0.0,1.0,176.7,6.15,3.02,0.69,8.0,4.0,0.0,1.0,1.0,2.0,0.0,0.6,2.0,2.0
361.4,4.6,359.83725,359.83725,9.2,247.0,0.0,0.0,1.0,2.0,14.0,0.0,0.0,0.0,0.0,0.0,0.0,0.0,1.0,190.2,11.25,2.13,0.73,3.0,1.0,0.0,0.0,0.0,1.0,1.0,0.6,2.0,10.0
398.4,-0.7,398.06849073,398.06849073,150.0,657.0,0.0,3.0,9.0,6.0,28.0,0.0,0.0,0.0,0.0,0.0,0.0,0.0,1.0,291.7,17.95,3.28,1.5,11.0,5.0,2.0,1.0,0.0,3.0,0.0,0.8,6.0,10.0
244.2,-1.8,244.0807695,244.0807695,144.0,304.0,0.0,4.0,7.0,3.0,17.0,0.0,4.0,4.0,0.0,0.0,0.0,0.0,1.0,169.5,7.02,2.49,0.85,13.0,5.0,4.0,0.0,2.0,2.0,0.0,0.6,4.0,10.0
294.3,0.6,294.10044231,294.10044231,70.5,482.0,0.0,1.0,5.0,3.0,22.0,0.0,0.0,0.0,0.0,0.0,0.0,0.0,1.0,227.0,11.6,2.71,0.7,9.0,4.0,0.0,1.0,1.0,3.0,0.0,0.6,3.0,4.0
262.22,2.1,262.05897142,262.05897142,88.4,449.0,0.0,1.0,7.0,2.0,19.0,0.0,0.0,0.0,0.0,0.0,0.0,0.0,1.0,187.5,7.26,2.93,0.76,10.0,6.0,0.0,1.0,0.0,3.0,0.0,0.6,2.6,2.0
138.06,-1.4,138.0081957,138.0081957,70.1,138.0,0.0,2.0,4.0,1.0,8.0,0.0,2.0,2.0,0.0,0.0,0.0,0.0,1.0,93.1,2.61,1.3,1.01,5.0,4.0,0.0,1.0,0.0,0.0,0.0,0.4,1.6,1.0
367.8,-1.8,367.0393548,367.0393548,138.0,606.0,0.0,3.0,6.0,4.0,24.0,0.0,3.0,3.0,0.0,0.0,0.0,0.0,1.0,261.9,11.22,3.22,1.28,11.0,4.0,2.0,1.0,1.0,3.0,0.0,0.8,5.6,10.0
473.4,7.1,472.1221521,472.1221521,40.0,829.0,0.0,1.0,4.0,4.0,33.0,0.0,0.0,0.0,0.0,0.0,0.0,0.0,1.0,359.9,16.16,6.13,1.1,11.0,2.0,1.0,0.0,2.0,5.0,1.0,0.8,4.0,6.0
204.29,1.8,204.07211956,204.07211956,40.9,246.0,0.0,0.0,2.0,1.0,14.0,0.0,1.0,1.0,0.0,0.0,0.0,0.0,1.0,161.8,7.86,1.39,0.98,4.0,0.0,0.0,0.0,1.0,3.0,0.0,0.6,2.0,2.0
291.4,5.6,291.198699802,291.198699802,3.2,428.0,0.0,0.0,1.0,5.0,22.0,0.0,0.0,0.0,0.0,1.0,1.0,0.0,1.0,253.5,13.9,3.8,1.19,4.0,0.0,0.0,0.0,1.0,2.0,1.0,0.6,4.0,10.0
505.4,0.1,504.2031964,504.2031964,178.0,649.0,0.0,6.0,2.0,13.0,34.0,0.0,0.0,0.0,0.0,2.0,0.0,2.0,1.0,378.2,30.18,9.08,1.98,13.0,0.0,6.0,0.0,4.0,2.0,1.0,1.2,13.0,10.0
247.25,-0.6,247.04269053,247.04269053,113.0,374.0,0.0,2.0,5.0,2.0,16.0,0.0,2.0,2.0,0.0,0.0,0.0,0.0,1.0,170.5,7.04,2.15,0.86,8.0,3.0,3.0,0.0,0.0,2.0,0.0,0.6,3.0,10.0
249.29,0.0,249.05719778,249.05719778,93.5,331.0,0.0,2.0,5.0,3.0,17.0,0.0,0.0,0.0,0.0,0.0,0.0,0.0,1.0,184.6,5.35,2.98,1.28,8.0,3.0,2.0,0.0,1.0,2.0,0.0,0.6,3.0,10.0
46.07,-0.1,46.041864811,46.041864811,20.2,2.0,0.0,1.0,1.0,0.0,3.0,0.0,0.0,0.0,0.0,0.0,0.0,0.0,1.0,41.5,1.48,0.75,0.58,2.0,1.0,1.0,0.0,0.0,0.0,0.0,0.4,0.0,1.0
324.4,2.9,324.183778013,324.183778013,45.6,457.0,0.0,1.0,4.0,4.0,24.0,0.0,4.0,4.0,0.0,0.0,0.0,0.0,1.0,253.0,8.53,4.02,1.31,9.0,3.0,1.0,0.0,1.0,3.0,1.0,0.8,5.2,4.0
247.27,-0.4,247.06267708,247.06267708,106.0,345.0,0.0,0.0,5.0,4.0,16.0,0.0,0.0,0.0,0.0,0.0,0.0,0.0,1.0,177.5,7.71,2.51,0.92,7.0,4.0,0.0,1.0,1.0,1.0,0.0,0.6,5.0,10.0
171.15,0.0,171.06439116,171.06439116,83.9,170.0,0.0,1.0,4.0,2.0,12.0,0.0,0.0,0.0,0.0,0.0,0.0,0.0,1.0,125.1,3.24,2.95,0.68,7.0,3.0,1.0,1.0,1.0,1.0,0.0,0.6,3.0,2.0
519.6,-3.2,519.09947376,519.09947376,244.0,905.0,0.0,4.0,12.0,10.0,35.0,0.0,2.0,2.0,0.0,0.0,0.0,0.0,1.0,372.2,20.75,5.03,1.76,16.0,6.0,2.0,2.0,2.0,4.0,0.0,1.2,11.6,10.0
138.12,2.3,138.031694049,138.031694049,57.5,133.0,0.0,2.0,3.0,1.0,10.0,0.0,0.0,0.0,0.0,0.0,0.0,0.0,1.0,105.1,3.22,1.81,0.63,5.0,2.0,1.0,1.0,0.0,1.0,0.0,0.4,1.0,3.0
211.22,-1.3,211.09569129,211.09569129,88.2,327.0,0.0,2.0,3.0,2.0,15.0,0.0,2.0,2.0,0.0,0.0,0.0,0.0,1.0,155.6,6.18,2.15,0.8,8.0,3.0,3.0,0.0,0.0,2.0,0.0,0.6,3.0,10.0
539.6,-0.2,539.11445512,539.11445512,207.0,1080.0,0.0,3.0,9.0,6.0,36.0,0.0,4.0,4.0,0.0,0.0,0.0,0.0,1.0,386.3,21.34,3.53,2.01,16.0,8.0,2.0,1.0,0.0,4.0,1.0,1.0,10.6,10.0
137.14,-0.7,137.058911855,137.058911855,68.0,120.0,0.0,2.0,3.0,1.0,10.0,0.0,0.0,0.0,0.0,0.0,0.0,0.0,1.0,104.3,4.33,1.44,0.62,5.0,2.0,2.0,0.0,0.0,1.0,0.0,0.4,2.0,3.0
475.6,-4.2,475.30059866,475.30059866,200.0,673.0,0.0,8.0,12.0,8.0,33.0,0.0,11.0,11.0,0.0,0.0,0.0,0.0,1.0,350.2,10.66,6.11,1.74,23.0,7.0,8.0,0.0,5.0,3.0,0.0,1.0,11.2,10.0
351.35,-0.8,351.1394478,351.1394478,72.9,586.0,0.0,2.0,8.0,3.0,25.0,0.0,1.0,0.0,1.0,0.0,0.0,0.0,1.0,256.0,12.3,2.91,0.82,11.0,3.0,1.0,1.0,3.0,3.0,0.0,0.8,4.2,6.0
243.22,-2.1,243.08552052,243.08552052,129.0,383.0,0.0,4.0,5.0,2.0,17.0,0.0,4.0,4.0,0.0,0.0,0.0,0.0,1.0,170.8,6.55,2.16,0.97,12.0,5.0,5.0,0.0,0.0,2.0,0.0,0.6,3.0,10.0
614.6,-9.0,614.31228554,614.31228554,353.0,872.0,0.0,13.0,19.0,9.0,42.0,0.0,19.0,19.0,0.0,0.0,0.0,0.0,1.0,424.1,12.42,5.91,3.21,36.0,13.0,13.0,0.0,6.0,4.0,0.0,1.2,13.6,10.0
341.4,1.3,341.1409274,341.1409274,138.0,559.0,0.0,3.0,6.0,3.0,23.0,0.0,3.0,3.0,0.0,0.0,0.0,0.0,1.0,253.2,10.83,2.49,1.25,12.0,4.0,2.0,1.0,1.0,3.0,1.0,0.8,6.0,10.0
387.7,5.3,385.981417,385.981417,55.3,379.0,0.0,0.0,3.0,6.0,23.0,0.0,1.0,0.0,1.0,0.0,0.0,0.0,1.0,271.7,7.74,6.03,1.57,5.0,1.0,0.0,0.0,1.0,3.0,0.0,0.8,6.0,10.0
253.28,0.9,253.05211239,253.05211239,107.0,346.0,0.0,2.0,6.0,3.0,17.0,0.0,0.0,0.0,0.0,0.0,0.0,0.0,1.0,182.5,5.57,3.18,1.22,8.0,3.0,2.0,0.0,1.0,2.0,0.0,0.6,3.0,10.0
531.4,4.3,530.1487608,530.1487608,69.1,735.0,0.0,0.0,6.0,7.0,36.0,0.0,2.0,2.0,0.0,0.0,0.0,0.0,1.0,390.3,26.84,4.19,1.64,11.0,4.0,0.0,0.0,2.0,5.0,0.0,1.0,10.2,10.0
223.27,0.8,223.1208434,223.1208434,72.7,320.0,0.0,1.0,3.0,7.0,16.0,0.0,2.0,2.0,0.0,2.0,2.0,0.0,1.0,183.0,5.49,3.32,1.03,5.0,3.0,1.0,0.0,0.0,0.0,1.0,0.8,7.6,10.0
258.23,0.3,258.0640568,258.0640568,83.6,449.0,0.0,1.0,4.0,1.0,19.0,0.0,1.0,0.0,1.0,0.0,0.0,0.0,1.0,188.9,8.82,1.59,1.12,8.0,4.0,1.0,0.0,0.0,3.0,0.0,0.6,2.0,8.0
375.4,-0.7,375.15943435,375.15943435,82.1,653.0,0.0,2.0,8.0,4.0,27.0,0.0,1.0,0.0,1.0,0.0,0.0,0.0,1.0,278.8,11.31,3.31,1.17,12.0,4.0,1.0,1.0,3.0,3.0,0.0,0.8,5.8,6.0
286.33,0.9,286.15420922,286.15420922,102.0,414.0,0.0,3.0,6.0,4.0,21.0,0.0,2.0,2.0,0.0,0.0,0.0,0.0,1.0,216.4,11.41,2.4,0.9,10.0,1.0,3.0,0.0,3.0,3.0,0.0,0.8,5.2,10.0
334.4,1.8,334.09872823,334.09872823,112.0,530.0,0.0,2.0,5.0,4.0,23.0,0.0,3.0,3.0,0.0,0.0,0.0,0.0,1.0,252.2,12.86,2.8,1.07,9.0,4.0,1.0,1.0,0.0,2.0,1.0,0.8,5.8,10.0
312.4,2.7,312.183778013,312.183778013,40.6,472.0,0.0,0.0,2.0,1.0,23.0,0.0,1.0,0.0,1.0,0.0,0.0,0.0,1.0,243.8,9.77,4.07,1.13,6.0,2.0,0.0,0.0,0.0,4.0,0.0,0.8,4.2,10.0
319.33,-1.0,319.13321961,319.13321961,72.9,519.0,0.0,2.0,7.0,3.0,23.0,0.0,0.0,0.0,0.0,0.0,0.0,0.0,1.0,238.3,11.36,2.84,0.8,11.0,3.0,1.0,1.0,3.0,3.0,0.0,0.8,4.2,5.0
461.5,0.1,461.13690464,461.13690464,173.0,844.0,0.0,4.0,7.0,5.0,32.0,0.0,4.0,4.0,0.0,0.0,0.0,0.0,1.0,339.2,17.01,3.5,1.87,15.0,6.0,3.0,1.0,0.0,4.0,1.0,1.0,9.6,10.0
506.6,0.7,506.05008122,506.05008122,242.0,928.0,0.0,3.0,12.0,7.0,33.0,0.0,2.0,1.0,1.0,2.0,2.0,0.0,1.0,353.4,15.48,3.94,2.15,14.0,6.0,2.0,1.0,1.0,4.0,0.0,1.0,8.6,10.0
581.6,-8.0,581.2656697,581.2656697,336.0,940.0,0.0,12.0,15.0,9.0,40.0,0.0,15.0,15.0,0.0,0.0,0.0,0.0,1.0,400.9,13.42,5.04,2.11,30.0,12.0,12.0,0.0,3.0,3.0,0.0,1.2,12.4,10.0
259.35,2.2,259.168462302,259.168462302,60.2,262.0,0.0,2.0,4.0,6.0,19.0,0.0,1.0,0.0,1.0,0.0,0.0,0.0,1.0,210.5,7.94,4.09,1.17,8.0,2.0,2.0,0.0,2.0,2.0,0.0,0.8,6.0,10.0
317.5,6.3,317.214349865,317.214349865,3.2,374.0,0.0,0.0,1.0,5.0,24.0,0.0,0.0,0.0,0.0,0.0,0.0,0.0,1.0,270.5,16.82,2.44,1.53,5.0,0.0,0.0,0.0,1.0,3.0,1.0,0.8,5.0,10.0
279.33,2.2,279.15829154,279.15829154,90.1,332.0,0.0,3.0,5.0,4.0,20.0,0.0,1.0,0.0,1.0,0.0,0.0,0.0,1.0,215.4,11.18,2.05,1.38,12.0,3.0,3.0,1.0,2.0,2.0,1.0,0.8,5.8,10.0
129.09,-0.9,129.03383992,129.03383992,67.5,208.0,0.0,2.0,3.0,0.0,9.0,0.0,0.0,0.0,0.0,0.0,0.0,0.0,1.0,88.5,2.8,1.65,0.56,7.0,2.0,3.0,0.0,1.0,1.0,0.0,0.4,0.0,1.0
416.1,5.3,415.983074,413.986024,27.0,417.0,0.0,0.0,2.0,6.0,25.0,0.0,1.0,0.0,1.0,0.0,0.0,0.0,1.0,292.2,9.06,6.44,1.51,5.0,1.0,0.0,0.0,1.0,3.0,0.0,0.8,6.0,10.0
424.4,-0.2,424.06888465,424.06888465,199.0,798.0,0.0,3.0,10.0,8.0,29.0,0.0,2.0,2.0,0.0,1.0,1.0,0.0,1.0,300.5,16.04,2.47,2.31,13.0,7.0,2.0,1.0,0.0,3.0,0.0,1.0,9.6,10.0
366.8,5.2,366.1022722,366.1022722,54.4,595.0,0.0,1.0,3.0,2.0,26.0,0.0,0.0,0.0,0.0,0.0,0.0,0.0,1.0,280.8,20.84,1.85,0.9,7.0,2.0,1.0,0.0,0.0,4.0,0.0,0.6,3.2,9.0
209.25,1.8,209.095297364,209.095297364,64.9,232.0,0.0,2.0,3.0,0.0,16.0,0.0,0.0,0.0,0.0,0.0,0.0,0.0,1.0,164.0,8.22,1.78,0.6,8.0,1.0,2.0,0.0,2.0,3.0,0.0,0.4,0.0,1.0
381.7,5.3,380.024996,380.024996,27.0,379.0,0.0,0.0,2.0,6.0,24.0,0.0,1.0,0.0,1.0,0.0,0.0,0.0,1.0,276.6,9.34,6.41,1.48,5.0,1.0,0.0,0.0,1.0,3.0,0.0,0.8,6.0,10.0
253.73,1.5,253.1094232,253.1094232,88.8,292.0,0.0,3.0,1.0,4.0,17.0,0.0,0.0,0.0,0.0,1.0,0.0,1.0,1.0,192.3,12.39,1.95,0.91,7.0,0.0,3.0,0.0,2.0,1.0,1.0,0.6,4.0,10.0
361.4,-0.4,361.14378429,361.14378429,73.3,634.0,0.0,1.0,8.0,2.0,26.0,0.0,1.0,1.0,0.0,0.0,0.0,0.0,1.0,265.7,12.21,2.85,0.94,12.0,4.0,0.0,1.0,3.0,4.0,0.0,0.8,3.8,6.0
363.4,-2.1,363.08889182,363.08889182,158.0,629.0,0.0,4.0,7.0,4.0,25.0,0.0,3.0,3.0,0.0,0.0,0.0,0.0,1.0,266.5,11.37,3.44,1.39,12.0,4.0,3.0,1.0,1.0,3.0,0.0,0.8,5.6,10.0
435.9,2.4,435.0655696,435.0655696,138.0,722.0,0.0,2.0,7.0,4.0,29.0,0.0,3.0,3.0,0.0,0.0,0.0,0.0,1.0,313.6,9.06,3.42,2.07,12.0,5.0,1.0,1.0,0.0,4.0,1.0,0.8,5.8,10.0
437.8,6.3,435.997067,435.997067,55.3,488.0,0.0,0.0,3.0,6.0,27.0,0.0,1.0,0.0,1.0,0.0,0.0,0.0,1.0,312.2,9.9,6.63,1.62,6.0,1.0,0.0,0.0,1.0,4.0,0.0,0.8,6.0,10.0
389.4,-0.7,389.1499323,389.1499323,121.0,725.0,0.0,2.0,10.0,5.0,28.0,0.0,1.0,0.0,1.0,1.0,1.0,0.0,1.0,286.2,15.32,3.45,0.74,12.0,4.0,1.0,1.0,3.0,3.0,0.0,0.8,6.4,7.0
369.4,2.5,369.18008961,369.18008961,118.0,457.0,0.0,3.0,8.0,6.0,27.0,0.0,0.0,0.0,0.0,0.0,0.0,0.0,1.0,281.5,19.36,2.0,1.7,11.0,3.0,3.0,0.0,2.0,3.0,0.0,0.8,6.0,10.0
325.4,2.1,325.14601278,325.14601278,98.5,500.0,0.0,1.0,5.0,3.0,22.0,0.0,3.0,3.0,0.0,0.0,0.0,0.0,1.0,247.4,12.85,2.25,1.22,9.0,3.0,0.0,1.0,1.0,3.0,1.0,0.8,5.2,10.0
361.4,-0.4,361.14378429,361.14378429,73.3,634.0,0.0,1.0,8.0,2.0,26.0,0.0,1.0,0.0,1.0,0.0,0.0,0.0,1.0,265.8,12.21,2.83,0.96,12.0,4.0,0.0,1.0,3.0,4.0,0.0,0.8,3.8,5.0
705.6,5.7,704.2393071,704.2393071,101.0,1120.0,0.0,0.0,9.0,11.0,49.0,0.0,3.0,2.0,1.0,0.0,0.0,0.0,1.0,525.7,61.07,3.41,2.17,16.0,4.0,0.0,0.0,4.0,7.0,1.0,1.4,13.2,10.0
425.0,2.2,424.179871,424.179871,128.0,502.0,0.0,4.0,7.0,7.0,27.0,0.0,9.0,7.0,2.0,0.0,0.0,0.0,1.0,316.8,10.74,5.2,1.35,14.0,5.0,4.0,0.0,1.0,2.0,2.0,1.0,10.2,10.0
392.4,0.1,392.1659969,392.1659969,98.9,691.0,0.0,3.0,9.0,3.0,28.0,0.0,2.0,2.0,0.0,0.0,0.0,0.0,1.0,284.5,11.62,3.68,1.08,13.0,3.0,2.0,1.0,4.0,3.0,0.0,0.8,4.8,7.0
554.6,-1.3,554.04605846,554.04605846,288.0,1110.0,0.0,4.0,13.0,8.0,36.0,0.0,2.0,2.0,0.0,1.0,1.0,0.0,1.0,383.9,22.05,4.36,1.83,17.0,7.0,4.0,1.0,1.0,4.0,0.0,1.0,9.6,10.0
500.4,8.6,499.1656545,499.1656545,23.5,584.0,0.0,1.0,5.0,10.0,33.0,0.0,1.0,0.0,1.0,0.0,0.0,0.0,1.0,374.1,14.61,7.22,1.34,8.0,1.0,1.0,0.0,1.0,3.0,2.0,1.0,11.0,10.0
547.7,2.9,547.2352217,547.2352217,149.0,853.0,0.0,3.0,9.0,12.0,38.0,0.0,5.0,5.0,0.0,0.0,0.0,0.0,1.0,416.9,14.38,6.58,3.48,15.0,6.0,3.0,0.0,1.0,4.0,1.0,1.4,14.2,10.0
242.23,-1.2,242.09027155,242.09027155,99.1,381.0,0.0,3.0,5.0,2.0,17.0,0.0,3.0,3.0,0.0,0.0,0.0,0.0,1.0,176.2,6.39,2.7,0.79,10.0,5.0,3.0,0.0,0.0,2.0,0.0,0.6,3.0,10.0
310.33,0.7,310.07357611,310.07357611,125.0,420.0,0.0,2.0,8.0,5.0,21.0,0.0,0.0,0.0,0.0,0.0,0.0,0.0,1.0,223.9,5.68,3.34,1.92,9.0,3.0,2.0,0.0,2.0,2.0,0.0,0.8,5.0,10.0
585.6,1.8,585.19098791,585.19098791,186.0,912.0,0.0,4.0,11.0,14.0,39.0,0.0,3.0,3.0,0.0,0.0,0.0,0.0,1.0,432.9,13.38,5.99,4.09,15.0,7.0,2.0,1.0,1.0,3.0,1.0,1.4,16.0,10.0
462.5,-0.9,462.07801004,462.07801004,201.0,777.0,0.0,3.0,10.0,7.0,31.0,0.0,3.0,3.0,0.0,0.0,0.0,0.0,1.0,331.7,17.37,4.77,1.41,13.0,5.0,2.0,1.0,1.0,4.0,0.0,1.0,8.6,10.0
542.6,-1.9,542.03482507,542.03482507,264.0,999.0,0.0,4.0,13.0,9.0,35.0,0.0,3.0,2.0,1.0,0.0,0.0,0.0,1.0,373.2,19.53,4.92,2.19,17.0,8.0,2.0,2.0,1.0,4.0,0.0,1.0,10.6,10.0
645.7,-0.7,645.1424012,645.1424012,271.0,1250.0,0.0,4.0,13.0,9.0,44.0,0.0,3.0,3.0,0.0,0.0,0.0,0.0,1.0,462.4,32.03,4.84,1.6,17.0,7.0,3.0,1.0,1.0,5.0,0.0,1.2,13.4,10.0
575.6,0.1,575.00214522,575.00214522,321.0,1090.0,0.0,4.0,15.0,9.0,36.0,0.0,2.0,2.0,0.0,0.0,0.0,0.0,1.0,389.0,22.24,5.7,1.74,17.0,8.0,2.0,2.0,1.0,4.0,0.0,1.2,11.2,10.0
427.5,0.0,427.05079224,427.05079224,202.0,744.0,0.0,3.0,9.0,8.0,28.0,0.0,2.0,2.0,0.0,0.0,0.0,0.0,1.0,301.8,13.28,3.67,1.9,12.0,6.0,2.0,1.0,0.0,3.0,0.0,1.0,9.6,10.0
383.4,0.0,383.03581088,383.03581088,201.0,669.0,0.0,3.0,10.0,5.0,25.0,0.0,2.0,2.0,0.0,1.0,1.0,0.0,1.0,267.5,12.03,3.26,1.57,12.0,5.0,2.0,1.0,1.0,3.0,0.0,0.8,6.6,10.0
349.4,0.4,349.10962727,349.10962727,138.0,697.0,0.0,3.0,6.0,4.0,24.0,0.0,3.0,3.0,0.0,0.0,0.0,0.0,1.0,261.0,10.88,3.18,1.42,11.0,4.0,2.0,1.0,1.0,3.0,0.0,0.8,6.0,10.0
417.4,0.6,417.13002593,417.13002593,72.9,721.0,0.0,2.0,9.0,3.0,30.0,0.0,1.0,0.0,1.0,0.0,0.0,0.0,1.0,302.8,10.15,6.22,1.11,12.0,3.0,1.0,1.0,3.0,4.0,0.0,0.8,4.2,10.0
480.6,-0.1,480.12496023,480.12496023,204.0,869.0,0.0,2.0,10.0,6.0,32.0,0.0,2.0,2.0,0.0,1.0,1.0,0.0,1.0,349.6,16.84,3.81,1.87,14.0,5.0,2.0,1.0,2.0,4.0,0.0,1.0,9.6,10.0
339.33,-0.5,339.05250632,339.05250632,162.0,664.0,0.0,2.0,8.0,6.0,23.0,0.0,2.0,2.0,0.0,0.0,0.0,0.0,1.0,245.0,14.43,2.18,1.19,10.0,6.0,1.0,1.0,0.0,2.0,0.0,0.8,7.6,10.0
615.6,-8.7,615.29630113,615.29630113,347.0,870.0,0.0,13.0,19.0,9.0,42.0,0.0,19.0,19.0,0.0,0.0,0.0,0.0,1.0,423.2,12.46,5.64,3.24,36.0,14.0,13.0,0.0,5.0,4.0,0.0,1.2,13.6,10.0
190.16,2.1,190.03784206,190.03784206,78.9,229.0,0.0,1.0,4.0,0.0,14.0,0.0,0.0,0.0,0.0,0.0,0.0,0.0,1.0,138.6,3.71,2.96,0.58,7.0,3.0,1.0,1.0,0.0,2.0,0.0,0.4,1.0,1.0
273.3,1.7,273.01295018,273.01295018,137.0,321.0,0.0,2.0,6.0,6.0,17.0,0.0,1.0,0.0,1.0,0.0,0.0,0.0,1.0,197.7,7.05,3.11,1.32,7.0,3.0,1.0,1.0,0.0,1.0,1.0,0.8,7.0,10.0
264.31,0.1,264.06809681,264.06809681,106.0,360.0,0.0,2.0,6.0,3.0,18.0,0.0,0.0,0.0,0.0,0.0,0.0,0.0,1.0,194.8,5.38,3.3,1.38,8.0,3.0,2.0,0.0,1.0,2.0,0.0,0.6,3.0,10.0
278.33,0.3,278.08374688,278.08374688,106.0,377.0,0.0,2.0,6.0,3.0,19.0,0.0,0.0,0.0,0.0,0.0,0.0,0.0,1.0,207.5,5.88,3.15,1.64,8.0,3.0,2.0,0.0,1.0,2.0,0.0,0.6,3.0,10.0
465.5,2.7,465.15697138,465.15697138,163.0,756.0,0.0,2.0,9.0,10.0,32.0,0.0,5.0,4.0,1.0,0.0,0.0,0.0,1.0,348.6,16.18,3.96,2.39,9.0,3.0,2.0,0.0,1.0,2.0,1.0,1.2,11.8,10.0
380.4,1.2,380.10420754,380.10420754,131.0,600.0,0.0,2.0,7.0,5.0,26.0,0.0,3.0,3.0,0.0,0.0,0.0,0.0,1.0,281.2,11.89,2.96,1.5,11.0,6.0,1.0,1.0,0.0,2.0,1.0,0.8,6.8,10.0
463.5,2.9,463.17770683,463.17770683,153.0,774.0,0.0,2.0,8.0,9.0,32.0,0.0,4.0,4.0,0.0,0.0,0.0,0.0,1.0,352.9,18.01,3.77,1.47,11.0,4.0,2.0,0.0,1.0,2.0,2.0,1.2,10.8,10.0
439.6,3.1,439.21409234,439.21409234,114.0,710.0,0.0,0.0,7.0,8.0,30.0,0.0,3.0,2.0,1.0,0.0,0.0,0.0,1.0,338.9,22.68,2.02,1.45,9.0,3.0,0.0,0.0,1.0,3.0,2.0,1.0,10.2,10.0
300.29,-2.0,300.05284067,300.05284067,131.0,573.0,0.0,1.0,7.0,3.0,20.0,0.0,3.0,3.0,0.0,0.0,0.0,0.0,1.0,206.9,6.5,2.59,1.1,9.0,5.0,0.0,1.0,0.0,3.0,0.0,0.6,3.6,10.0
354.36,-1.5,354.16516782,354.16516782,167.0,528.0,0.0,4.0,8.0,9.0,25.0,0.0,2.0,1.0,1.0,0.0,0.0,0.0,1.0,257.4,8.74,4.56,1.43,13.0,4.0,4.0,0.0,2.0,2.0,1.0,1.0,9.0,10.0
335.9,3.6,335.1764402,335.1764402,48.4,331.0,0.0,2.0,4.0,9.0,23.0,0.0,1.0,0.0,1.0,0.0,0.0,0.0,1.0,264.8,7.81,3.79,1.96,8.0,2.0,2.0,0.0,2.0,2.0,0.0,1.0,9.0,10.0
284.5,8.0,284.331725344,284.331725344,0.0,181.0,1.0,0.0,0.0,15.0,20.0,0.0,0.0,0.0,0.0,0.0,0.0,0.0,1.0,265.1,47.87,0.93,0.78,2.0,0.0,0.0,0.0,1.0,0.0,1.0,1.6,15.0,10.0
152.23,2.2,152.12011513,152.12011513,17.1,217.0,0.0,0.0,1.0,0.0,11.0,0.0,2.0,0.0,2.0,0.0,0.0,0.0,1.0,131.3,2.05,1.72,1.52,3.0,1.0,0.0,0.0,0.0,1.0,1.0,0.4,0.8,2.0
381.39,-4.3,381.17606686,381.17606686,209.0,529.0,0.0,6.0,11.0,7.0,27.0,0.0,6.0,6.0,0.0,0.0,0.0,0.0,1.0,269.9,8.23,5.29,1.39,20.0,5.0,5.0,1.0,6.0,3.0,0.0,1.0,8.0,10.0
297.34,-0.3,297.08956053,297.08956053,145.0,352.0,0.0,3.0,8.0,3.0,20.0,0.0,4.0,4.0,0.0,0.0,0.0,0.0,1.0,213.3,9.13,3.06,0.86,14.0,3.0,3.0,0.0,4.0,3.0,1.0,0.6,4.0,10.0
150.22,3.3,150.104465066,150.104465066,20.2,120.0,0.0,1.0,1.0,1.0,11.0,0.0,0.0,0.0,0.0,0.0,0.0,0.0,1.0,129.8,4.55,1.6,0.9,3.0,0.0,1.0,0.0,0.0,1.0,1.0,0.4,1.0,2.0
543.5,-0.2,543.19818129,543.19818129,211.0,848.0,0.0,8.0,11.0,11.0,37.0,0.0,7.0,6.0,1.0,0.0,0.0,0.0,1.0,398.3,9.92,8.37,2.37,20.0,9.0,5.0,1.0,1.0,3.0,1.0,1.2,13.2,10.0
458.5,4.0,458.23045342,458.23045342,97.9,879.0,0.0,1.0,7.0,11.0,33.0,0.0,6.0,5.0,1.0,4.0,4.0,0.0,1.0,364.8,30.7,4.93,1.89,9.0,6.0,0.0,1.0,0.0,1.0,1.0,1.2,13.0,10.0
516.7,5.5,516.34508925,516.34508925,104.0,994.0,0.0,3.0,6.0,6.0,37.0,0.0,10.0,10.0,0.0,1.0,1.0,0.0,1.0,408.0,15.3,6.42,1.29,14.0,5.0,2.0,1.0,0.0,4.0,2.0,1.0,8.0,5.0
140.03,-2.0,139.98746025,139.98746025,94.8,133.0,0.0,3.0,5.0,2.0,8.0,0.0,0.0,0.0,0.0,0.0,0.0,0.0,1.0,90.6,3.15,1.18,0.93,7.0,5.0,0.0,2.0,0.0,0.0,0.0,0.4,2.0,3.0
118.14,1.3,118.0530982,118.0530982,28.7,103.0,0.0,1.0,1.0,0.0,9.0,0.0,0.0,0.0,0.0,0.0,0.0,0.0,1.0,96.5,2.95,1.52,0.6,4.0,0.0,1.0,0.0,1.0,2.0,0.0,0.4,0.0,1.0
94.11,1.5,94.041864811,94.041864811,20.2,46.0,0.0,1.0,1.0,0.0,7.0,0.0,0.0,0.0,0.0,0.0,0.0,0.0,1.0,79.5,2.19,1.47,0.6,2.0,0.0,1.0,0.0,0.0,1.0,0.0,0.4,0.0,1.0
308.37,-1.0,308.17360725,308.17360725,113.0,367.0,0.0,4.0,5.0,8.0,22.0,0.0,3.0,3.0,0.0,0.0,0.0,0.0,1.0,244.1,12.82,2.56,1.45,11.0,4.0,3.0,1.0,1.0,1.0,1.0,0.8,9.0,10.0
255.12,-3.1,255.01440327,255.01440327,161.0,346.0,0.0,5.0,8.0,6.0,16.0,0.0,1.0,1.0,0.0,0.0,0.0,0.0,1.0,171.3,7.4,2.68,1.0,12.0,8.0,1.0,3.0,0.0,0.0,0.0,0.8,7.0,10.0
172.26,4.1,172.146329876,172.146329876,37.3,110.0,0.0,1.0,2.0,8.0,12.0,0.0,0.0,0.0,0.0,0.0,0.0,0.0,1.0,151.4,16.85,0.9,0.6,4.0,2.0,0.0,1.0,0.0,0.0,1.0,0.8,8.0,10.0
281.32,1.9,281.13889351,281.13889351,137.0,390.0,0.0,5.0,5.0,5.0,21.0,0.0,0.0,0.0,0.0,0.0,0.0,0.0,1.0,215.7,19.6,1.74,1.0,9.0,0.0,5.0,0.0,2.0,2.0,0.0,0.8,5.0,5.0
454.5,-6.3,454.22749329,454.22749329,262.0,593.0,0.0,10.0,14.0,6.0,31.0,0.0,14.0,14.0,0.0,0.0,0.0,0.0,1.0,315.9,9.6,4.13,2.33,27.0,10.0,10.0,0.0,4.0,3.0,0.0,1.0,9.4,10.0
122.12,1.9,122.03677943,122.03677943,37.3,104.0,0.0,1.0,2.0,1.0,9.0,0.0,0.0,0.0,0.0,0.0,0.0,0.0,1.0,98.2,3.43,1.51,0.6,4.0,2.0,0.0,1.0,0.0,1.0,0.0,0.4,1.0,2.0
153.14,0.9,153.042593085,153.042593085,69.6,149.0,0.0,3.0,3.0,1.0,11.0,0.0,0.0,0.0,0.0,0.0,0.0,0.0,1.0,114.8,4.12,1.79,0.63,4.0,1.0,2.0,0.0,0.0,1.0,0.0,0.4,2.0,6.0
30.026,1.2,30.010564683,30.010564683,17.1,2.0,0.0,0.0,1.0,0.0,2.0,0.0,0.0,0.0,0.0,0.0,0.0,0.0,1.0,26.8,0.93,0.56,0.56,1.0,1.0,0.0,0.0,0.0,0.0,0.0,0.4,0.0,1.0
154.25,2.5,154.135765193,154.135765193,9.2,164.0,0.0,0.0,1.0,0.0,11.0,0.0,0.0,0.0,0.0,0.0,0.0,0.0,1.0,128.0,2.52,1.57,1.48,3.0,1.0,0.0,0.0,0.0,1.0,1.0,0.4,1.2,1.0
164.16,1.5,164.047344113,164.047344113,57.5,178.0,0.0,2.0,3.0,2.0,12.0,0.0,0.0,0.0,0.0,1.0,1.0,0.0,1.0,130.3,7.65,1.32,0.61,5.0,2.0,1.0,1.0,0.0,1.0,0.0,0.6,2.0,1.0
456.7,7.3,456.32529729,456.32529729,59.8,532.0,2.0,2.0,2.0,11.0,34.0,0.0,0.0,0.0,0.0,0.0,0.0,0.0,1.0,374.8,51.8,3.31,1.04,8.0,0.0,2.0,0.0,2.0,4.0,0.0,1.0,11.0,10.0
252.23,-0.7,252.08585488,252.08585488,114.0,308.0,0.0,3.0,7.0,2.0,18.0,0.0,4.0,4.0,0.0,0.0,0.0,0.0,1.0,175.7,7.45,2.29,0.83,13.0,4.0,3.0,0.0,3.0,3.0,0.0,0.6,3.0,10.0
169.07,-4.6,169.01400935,169.01400935,107.0,162.0,0.0,4.0,6.0,4.0,10.0,0.0,0.0,0.0,0.0,0.0,0.0,0.0,1.0,113.3,6.34,1.14,0.85,9.0,5.0,1.0,2.0,1.0,0.0,0.0,0.6,4.0,7.0
520.5,-0.6,520.10124741,520.10124741,232.0,958.0,0.0,4.0,13.0,9.0,36.0,0.0,3.0,2.0,1.0,0.0,0.0,0.0,1.0,370.4,23.68,2.69,2.21,18.0,8.0,2.0,3.0,1.0,4.0,0.0,1.0,10.6,10.0
369.34,-0.1,369.13002593,369.13002593,64.1,595.0,0.0,1.0,9.0,4.0,26.0,0.0,0.0,0.0,0.0,0.0,0.0,0.0,1.0,263.4,12.6,3.09,0.8,10.0,3.0,0.0,1.0,3.0,3.0,0.0,0.8,5.2,10.0
539.6,-7.0,539.28025714,539.28025714,284.0,760.0,0.0,11.0,16.0,6.0,37.0,0.0,17.0,17.0,0.0,0.0,0.0,0.0,1.0,376.2,22.25,2.89,1.94,31.0,11.0,11.0,0.0,5.0,4.0,0.0,1.0,10.0,10.0
487.7,4.8,487.19633427,487.19633427,144.0,738.0,0.0,1.0,7.0,12.0,33.0,0.0,3.0,2.0,1.0,4.0,4.0,0.0,1.0,388.8,31.03,3.33,2.01,11.0,5.0,1.0,0.0,0.0,2.0,3.0,1.2,12.0,10.0
174.15,0.9,174.031694049,174.031694049,54.4,291.0,0.0,1.0,3.0,0.0,13.0,0.0,0.0,0.0,0.0,0.0,0.0,0.0,1.0,132.8,3.96,2.45,0.59,5.0,2.0,1.0,0.0,0.0,2.0,0.0,0.4,0.0,1.0
310.4,4.8,310.146998583,310.146998583,17.8,362.0,0.0,0.0,1.0,4.0,24.0,0.0,1.0,0.0,1.0,0.0,0.0,0.0,1.0,258.7,13.25,3.38,1.19,5.0,0.0,0.0,0.0,1.0,4.0,0.0,0.8,4.0,10.0
356.0,5.8,355.881311,353.884261,65.8,282.0,0.0,2.0,3.0,2.0,19.0,0.0,0.0,0.0,0.0,0.0,0.0,0.0,1.0,231.7,8.59,2.52,1.92,4.0,0.0,2.0,0.0,0.0,2.0,0.0,0.6,2.0,10.0
513.7,5.1,513.32791727,513.32791727,63.0,751.0,0.0,1.0,6.0,8.0,37.0,0.0,3.0,3.0,0.0,0.0,0.0,0.0,1.0,403.5,10.21,6.16,3.32,10.0,1.0,1.0,0.0,3.0,4.0,1.0,1.2,11.4,10.0
370.4,3.8,370.17802393,370.17802393,65.0,666.0,0.0,1.0,5.0,2.0,27.0,0.0,3.0,3.0,0.0,0.0,0.0,0.0,1.0,287.8,8.68,5.05,0.94,11.0,4.0,1.0,0.0,0.0,4.0,2.0,0.8,3.2,4.0
249.27,2.4,249.11134135,249.11134135,76.2,288.0,0.0,2.0,4.0,5.0,18.0,0.0,0.0,0.0,0.0,0.0,0.0,0.0,1.0,192.0,14.75,1.75,0.68,7.0,2.0,2.0,0.0,0.0,2.0,1.0,0.8,6.0,10.0
213.19,-1.7,213.07495584,213.07495584,97.4,328.0,0.0,2.0,4.0,2.0,15.0,0.0,2.0,1.0,1.0,0.0,0.0,0.0,1.0,150.3,6.69,1.95,0.81,9.0,4.0,3.0,0.0,0.0,2.0,0.0,0.6,3.0,10.0
340.5,4.0,340.16093457,340.16093457,57.6,426.0,0.0,1.0,4.0,6.0,24.0,0.0,0.0,0.0,0.0,0.0,0.0,0.0,1.0,272.5,14.32,4.39,0.74,7.0,1.0,1.0,0.0,2.0,3.0,0.0,0.8,6.0,10.0
283.32,1.5,283.132076794,283.132076794,66.6,437.0,0.0,1.0,4.0,3.0,21.0,0.0,0.0,0.0,0.0,0.0,0.0,0.0,1.0,220.6,9.46,3.03,0.85,8.0,2.0,1.0,0.0,2.0,3.0,0.0,0.6,3.2,9.0
381.3,4.6,381.13002593,381.13002593,74.2,471.0,0.0,0.0,9.0,6.0,27.0,0.0,0.0,0.0,0.0,0.0,0.0,0.0,1.0,281.4,27.9,1.84,0.87,6.0,2.0,0.0,0.0,1.0,3.0,0.0,0.8,7.0,10.0
380.5,4.3,380.16574516,380.16574516,100.0,666.0,0.0,2.0,5.0,3.0,26.0,0.0,3.0,3.0,0.0,0.0,0.0,0.0,1.0,288.9,11.31,2.89,1.26,11.0,5.0,0.0,2.0,0.0,3.0,1.0,0.8,4.2,1.0
127.9124,0.9,127.9123,127.9123,0.0,0.0,0.0,1.0,0.0,0.0,1.0,0.0,0.0,0.0,0.0,0.0,0.0,0.0,1.0,32.5,0.84,0.84,0.84,1.0,0.0,0.0,1.0,0.0,0.0,0.0,0.4,0.0,1.0
350.4,2.2,350.20932405,350.20932405,87.0,597.0,0.0,3.0,5.0,3.0,25.0,0.0,6.0,6.0,0.0,1.0,1.0,0.0,1.0,271.4,13.26,2.21,1.31,10.0,4.0,3.0,0.0,0.0,3.0,0.0,0.8,5.0,10.0
255.3,0.1,255.01361889,255.01361889,122.0,320.0,0.0,2.0,6.0,3.0,16.0,0.0,0.0,0.0,0.0,0.0,0.0,0.0,1.0,180.0,5.19,2.88,1.33,8.0,3.0,2.0,0.0,1.0,2.0,0.0,0.6,3.0,10.0
310.33,1.6,310.07357611,310.07357611,125.0,420.0,0.0,2.0,8.0,5.0,21.0,0.0,0.0,0.0,0.0,0.0,0.0,0.0,1.0,224.2,6.32,3.65,1.74,8.0,2.0,2.0,0.0,2.0,2.0,0.0,0.8,5.0,10.0
426.4,2.1,426.13911345,426.13911345,78.9,771.0,0.0,2.0,8.0,5.0,31.0,0.0,1.0,1.0,0.0,0.0,0.0,0.0,1.0,314.0,14.96,2.85,1.3,12.0,4.0,1.0,1.0,2.0,4.0,0.0,0.8,6.2,10.0
244.22,-0.3,244.08593506,244.08593506,78.9,385.0,0.0,2.0,5.0,2.0,17.0,0.0,3.0,3.0,0.0,0.0,0.0,0.0,1.0,174.8,6.33,2.69,0.79,8.0,4.0,2.0,0.0,0.0,2.0,0.0,0.6,3.0,10.0
182.17,-2.9,182.08668395,182.08668395,89.3,166.0,0.0,3.0,6.0,5.0,12.0,0.0,1.0,0.0,1.0,0.0,0.0,0.0,1.0,128.2,4.83,1.48,1.16,7.0,2.0,2.0,1.0,2.0,0.0,0.0,0.6,5.0,10.0
321.2,4.3,320.011933,320.011933,55.1,396.0,0.0,1.0,3.0,3.0,21.0,0.0,0.0,0.0,0.0,0.0,0.0,0.0,1.0,229.6,8.52,3.36,1.29,7.0,3.0,0.0,1.0,0.0,3.0,0.0,0.6,3.0,10.0
435.3,4.5,434.04907,434.04907,121.0,609.0,0.0,2.0,7.0,4.0,28.0,0.0,0.0,0.0,0.0,0.0,0.0,0.0,1.0,306.2,9.15,5.34,1.35,10.0,2.0,2.0,0.0,2.0,3.0,1.0,0.8,4.0,10.0
463.5,5.4,463.20827625,463.20827625,78.6,597.0,0.0,2.0,9.0,9.0,33.0,0.0,1.0,0.0,1.0,0.0,0.0,0.0,1.0,349.4,11.65,4.67,3.05,9.0,2.0,2.0,0.0,2.0,3.0,0.0,1.0,10.0,10.0
159.59,-3.3,158.9756919,158.9756919,74.8,136.0,0.0,2.0,4.0,3.0,8.0,0.0,0.0,0.0,0.0,0.0,0.0,0.0,1.0,101.4,5.2,1.01,0.91,4.0,3.0,0.0,1.0,0.0,0.0,0.0,0.6,3.0,7.0
260.22,-0.9,260.08084968,260.08084968,99.1,413.0,0.0,3.0,6.0,2.0,18.0,0.0,4.0,4.0,0.0,0.0,0.0,0.0,1.0,182.7,6.34,2.6,0.92,10.0,5.0,3.0,0.0,0.0,2.0,0.0,0.6,3.0,10.0
390.5,3.9,390.24062418,390.24062418,72.8,637.0,0.0,1.0,5.0,7.0,28.0,0.0,7.0,7.0,0.0,0.0,0.0,0.0,1.0,307.4,11.66,4.87,1.76,9.0,3.0,1.0,0.0,0.0,3.0,2.0,1.0,9.0,10.0
552.6,-6.8,552.31189162,552.31189162,297.0,757.0,0.0,11.0,15.0,10.0,38.0,0.0,14.0,14.0,0.0,0.0,0.0,0.0,1.0,394.6,10.91,7.07,2.24,29.0,10.0,11.0,0.0,5.0,3.0,0.0,1.2,14.6,10.0
298.37,3.1,298.17802393,298.17802393,46.2,429.0,0.0,0.0,5.0,1.0,21.0,0.0,8.0,8.0,0.0,0.0,0.0,0.0,1.0,216.2,4.59,3.57,1.47,6.0,3.0,0.0,0.0,0.0,3.0,0.0,0.6,3.2,1.0
528.9,8.7,527.154948,527.154948,23.5,671.0,0.0,1.0,2.0,10.0,35.0,0.0,1.0,0.0,1.0,1.0,1.0,0.0,1.0,408.3,20.0,5.44,1.82,9.0,1.0,1.0,0.0,1.0,4.0,2.0,1.0,10.0,10.0
314.4,1.5,314.08374688,314.08374688,98.4,451.0,0.0,2.0,5.0,4.0,22.0,0.0,0.0,0.0,0.0,0.0,0.0,0.0,1.0,235.1,7.02,4.08,1.02,9.0,3.0,2.0,0.0,1.0,3.0,0.0,0.6,4.0,10.0
622.8,6.0,622.40808342,622.40808342,135.0,1060.0,0.0,4.0,9.0,7.0,44.0,0.0,12.0,12.0,0.0,4.0,4.0,0.0,1.0,495.7,20.79,4.38,3.1,16.0,8.0,4.0,0.0,0.0,1.0,3.0,1.2,9.6,10.0
186.23,-0.7,186.04629874,186.04629874,94.6,224.0,0.0,2.0,4.0,2.0,12.0,0.0,0.0,0.0,0.0,0.0,0.0,0.0,1.0,135.0,5.96,1.32,0.9,6.0,2.0,2.0,0.0,1.0,1.0,0.0,0.6,2.0,2.0
140.19,0.3,140.1061964,140.1061964,13.0,84.0,0.0,0.0,4.0,0.0,10.0,0.0,0.0,0.0,0.0,0.0,0.0,0.0,1.0,98.5,1.48,1.48,1.48,8.0,0.0,0.0,0.0,4.0,4.0,0.0,0.4,1.2,1.0
327.12,4.0,325.9861121,325.9861121,95.2,404.0,0.0,2.0,4.0,2.0,21.0,0.0,0.0,0.0,0.0,0.0,0.0,0.0,1.0,226.1,13.28,2.57,0.72,8.0,3.0,2.0,1.0,0.0,2.0,0.0,0.6,4.0,10.0
382.5,5.9,382.228322906,382.228322906,12.0,552.0,1.0,0.0,1.0,4.0,29.0,0.0,0.0,0.0,0.0,1.0,0.0,1.0,1.0,317.2,27.48,1.59,1.54,6.0,0.0,0.0,0.0,2.0,4.0,0.0,0.8,4.0,6.0
397.7,6.1,396.002153,396.002153,43.1,379.0,0.0,0.0,2.0,6.0,24.0,0.0,1.0,0.0,1.0,0.0,0.0,0.0,1.0,287.3,13.5,3.9,1.4,4.0,0.0,0.0,0.0,1.0,3.0,0.0,0.8,6.0,10.0
280.31,0.4,280.06301143,280.06301143,116.0,368.0,0.0,2.0,7.0,4.0,19.0,0.0,0.0,0.0,0.0,0.0,0.0,0.0,1.0,203.9,6.48,3.5,1.21,9.0,4.0,2.0,0.0,1.0,2.0,0.0,0.6,4.0,10.0
685.7,-7.0,685.32558462,685.32558462,393.0,1280.0,0.0,15.0,13.0,10.0,48.0,0.0,7.0,7.0,0.0,1.0,1.0,0.0,1.0,489.1,18.73,8.54,1.75,29.0,10.0,15.0,0.0,3.0,1.0,0.0,1.4,14.8,10.0
280.36,2.0,280.16745924,280.16745924,66.8,388.0,0.0,2.0,4.0,0.0,20.0,0.0,5.0,5.0,0.0,2.0,2.0,0.0,1.0,225.4,8.17,3.1,1.08,6.0,3.0,2.0,0.0,0.0,1.0,0.0,0.6,1.8,1.0
265.3,0.9,265.13140809,265.13140809,67.8,302.0,0.0,2.0,5.0,5.0,19.0,0.0,3.0,3.0,0.0,0.0,0.0,0.0,1.0,206.2,8.47,2.6,1.34,8.0,3.0,2.0,0.0,1.0,2.0,0.0,0.8,6.0,10.0
423.2,1.1,422.0283709,422.0283709,159.0,546.0,0.0,3.0,8.0,10.0,27.0,0.0,2.0,2.0,0.0,0.0,0.0,0.0,1.0,293.0,11.13,8.51,1.3,12.0,7.0,2.0,2.0,0.0,1.0,0.0,1.0,12.0,10.0
441.5,2.3,441.1787522,441.1787522,133.0,888.0,0.0,4.0,7.0,5.0,32.0,0.0,6.0,6.0,0.0,0.0,0.0,0.0,1.0,326.3,18.71,2.64,2.24,12.0,5.0,3.0,1.0,0.0,3.0,0.0,1.0,7.0,10.0
471.5,0.0,471.22301705,471.22301705,161.0,680.0,0.0,4.0,10.0,8.0,34.0,0.0,5.0,4.0,1.0,0.0,0.0,0.0,1.0,347.4,7.12,4.31,2.88,17.0,5.0,4.0,0.0,4.0,4.0,0.0,1.0,10.0,10.0
289.5,5.0,287.951163,287.951163,29.5,252.0,0.0,1.0,2.0,2.0,17.0,0.0,0.0,0.0,0.0,0.0,0.0,0.0,1.0,198.5,8.82,1.84,1.54,4.0,1.0,1.0,0.0,0.0,2.0,0.0,0.6,2.0,10.0
356.2,-0.3,355.0047991,355.0047991,112.0,443.0,0.0,3.0,5.0,6.0,21.0,0.0,2.0,2.0,0.0,0.0,0.0,0.0,1.0,244.7,15.45,1.62,1.35,9.0,5.0,3.0,0.0,0.0,1.0,0.0,0.8,7.0,10.0
234.08,2.0,233.0010339,233.0010339,40.5,203.0,0.0,1.0,2.0,2.0,14.0,0.0,0.0,0.0,0.0,0.0,0.0,0.0,1.0,164.7,7.76,1.56,0.99,3.0,1.0,1.0,0.0,0.0,1.0,0.0,0.6,3.0,10.0
267.31,1.3,267.06776246,267.06776246,107.0,374.0,0.0,2.0,6.0,3.0,18.0,0.0,0.0,0.0,0.0,0.0,0.0,0.0,1.0,196.2,12.15,1.61,1.06,7.0,2.0,2.0,0.0,1.0,2.0,0.0,0.6,3.0,10.0
483.7,4.9,483.30184471,483.30184471,112.0,825.0,0.0,3.0,5.0,7.0,33.0,0.0,9.0,4.0,5.0,0.0,0.0,0.0,1.0,376.7,20.92,4.41,1.65,13.0,5.0,2.0,1.0,0.0,4.0,1.0,1.6,10.2,10.0
366.4,4.5,366.1592946,366.1592946,97.4,607.0,0.0,2.0,6.0,5.0,28.0,0.0,0.0,0.0,0.0,1.0,1.0,0.0,1.0,289.7,23.4,2.95,1.38,8.0,2.0,2.0,0.0,1.0,3.0,0.0,0.8,5.0,10.0
416.1,5.3,415.983074,413.986024,27.0,407.0,0.0,0.0,2.0,6.0,25.0,0.0,1.0,0.0,1.0,0.0,0.0,0.0,1.0,291.7,8.01,5.96,1.7,5.0,1.0,0.0,0.0,1.0,3.0,0.0,0.8,6.0,10.0
339.6,5.7,339.361348448,339.361348448,32.5,292.0,0.0,1.0,3.0,12.0,24.0,0.0,2.0,0.0,2.0,0.0,0.0,0.0,1.0,296.0,10.4,4.42,2.85,11.0,0.0,1.0,0.0,3.0,1.0,6.0,1.0,13.2,10.0
261.25,2.9,261.08012141,261.08012141,57.6,462.0,0.0,1.0,5.0,1.0,19.0,0.0,1.0,0.0,1.0,0.0,0.0,0.0,1.0,194.3,5.55,3.71,0.76,8.0,3.0,0.0,1.0,1.0,3.0,0.0,0.6,1.6,2.0
313.28,2.9,313.08626942,313.08626942,84.1,454.0,0.0,2.0,5.0,4.0,23.0,0.0,0.0,0.0,0.0,0.0,0.0,0.0,1.0,235.2,16.09,2.76,0.86,7.0,2.0,2.0,0.0,0.0,3.0,0.0,0.8,5.0,10.0
317.5,5.7,317.27186474,317.27186474,12.5,336.0,0.0,0.0,2.0,6.0,23.0,0.0,3.0,2.0,1.0,0.0,0.0,0.0,1.0,272.5,13.77,3.12,1.77,7.0,1.0,0.0,0.0,1.0,2.0,3.0,0.8,7.2,10.0
519.6,-4.0,519.06645956,519.06645956,279.0,862.0,0.0,4.0,14.0,11.0,33.0,0.0,3.0,3.0,0.0,0.0,0.0,0.0,1.0,361.4,12.75,6.32,1.76,16.0,7.0,2.0,2.0,2.0,3.0,0.0,1.2,12.6,10.0
164.2,2.0,164.083729621,164.083729621,29.5,145.0,0.0,1.0,2.0,3.0,12.0,0.0,0.0,0.0,0.0,0.0,0.0,0.0,1.0,136.6,5.24,2.13,0.81,4.0,1.0,1.0,0.0,0.0,1.0,1.0,0.6,3.0,9.0
478.9,-1.3,478.1142934,478.1142934,182.0,1010.0,0.0,6.0,9.0,2.0,33.0,0.0,5.0,5.0,0.0,0.0,0.0,0.0,1.0,333.8,9.25,3.39,2.42,16.0,5.0,6.0,0.0,1.0,4.0,0.0,0.8,2.6,3.0
396.95,2.2,396.84606,396.84606,29.1,275.0,0.0,1.0,1.0,0.0,13.0,0.0,0.0,0.0,0.0,0.0,0.0,0.0,1.0,171.6,5.42,2.82,0.66,6.0,1.0,1.0,0.0,0.0,2.0,2.0,0.4,0.0,1.0
384.4,2.5,384.17841785,384.17841785,101.0,623.0,0.0,1.0,8.0,5.0,27.0,0.0,8.0,7.0,1.0,0.0,0.0,0.0,1.0,274.0,9.74,3.18,2.47,9.0,5.0,0.0,1.0,0.0,3.0,0.0,0.8,7.2,10.0
494.6,3.8,494.15115773,494.15115773,138.0,887.0,0.0,2.0,7.0,7.0,35.0,0.0,4.0,3.0,1.0,0.0,0.0,0.0,1.0,374.0,22.93,3.16,1.37,14.0,5.0,1.0,2.0,0.0,5.0,1.0,1.2,9.4,10.0
233.24,-1.0,233.03579362,233.03579362,100.0,446.0,0.0,1.0,5.0,1.0,15.0,0.0,2.0,2.0,0.0,0.0,0.0,0.0,1.0,161.9,3.05,2.86,1.22,9.0,5.0,0.0,1.0,0.0,2.0,1.0,0.6,1.6,2.0
558.5,-0.2,558.18385241,558.18385241,158.0,1080.0,0.0,4.0,12.0,7.0,40.0,0.0,4.0,4.0,0.0,0.0,0.0,0.0,1.0,402.8,31.59,5.0,1.12,16.0,5.0,3.0,1.0,3.0,4.0,0.0,1.2,9.8,10.0
72.06,-0.2,72.021129366,72.021129366,26.3,57.0,0.0,0.0,2.0,0.0,5.0,0.0,0.0,0.0,0.0,0.0,0.0,0.0,1.0,55.3,1.72,1.01,0.58,2.0,1.0,0.0,0.0,0.0,1.0,0.0,0.4,0.6,1.0
114.15,0.3,113.94453627,113.94453627,98.0,98.0,0.0,2.0,4.0,0.0,5.0,0.0,0.0,0.0,0.0,0.0,0.0,0.0,1.0,67.2,1.55,1.13,1.1,4.0,3.0,0.0,1.0,0.0,0.0,0.0,0.4,0.0,1.0
304.5,8.7,304.300425216,304.300425216,3.9,208.0,1.0,0.0,0.0,15.0,22.0,0.0,0.0,0.0,0.0,0.0,0.0,0.0,1.0,275.4,53.46,1.03,0.87,2.0,0.0,0.0,0.0,0.0,1.0,1.0,1.6,15.0,10.0
34.015,-0.9,34.005479302,34.005479302,40.5,0.0,0.0,2.0,2.0,0.0,2.0,0.0,0.0,0.0,0.0,0.0,0.0,0.0,1.0,24.6,1.02,0.49,0.49,0.0,0.0,0.0,0.0,0.0,0.0,0.0,0.4,0.0,1.0
51.45,0.2,50.9637673,50.9637673,23.1,2.0,-1.0,0.0,1.0,0.0,2.0,0.0,0.0,0.0,0.0,0.0,0.0,0.0,1.0,32.1,1.26,0.59,0.59,0.0,0.0,0.0,0.0,0.0,0.0,0.0,0.4,0.0,1.0
315.6,5.3,313.978046,313.978046,41.1,308.0,0.0,2.0,1.0,2.0,19.0,0.0,0.0,0.0,0.0,0.0,0.0,0.0,1.0,219.9,18.39,1.7,0.61,5.0,1.0,2.0,0.0,0.0,2.0,0.0,0.6,4.0,10.0
206.31,1.6,206.08776963,206.08776963,43.8,248.0,0.0,0.0,2.0,2.0,14.0,0.0,0.0,0.0,0.0,1.0,1.0,0.0,1.0,165.3,9.59,1.77,0.72,3.0,0.0,0.0,0.0,1.0,2.0,0.0,0.6,2.8,9.0
194.27,4.2,194.130679813,194.130679813,29.5,136.0,0.0,1.0,2.0,6.0,14.0,0.0,0.0,0.0,0.0,0.0,0.0,0.0,1.0,165.5,14.51,1.3,0.77,5.0,1.0,1.0,0.0,0.0,1.0,2.0,0.6,6.0,10.0
302.35,2.9,302.08374688,302.08374688,108.0,382.0,0.0,2.0,5.0,4.0,21.0,0.0,0.0,0.0,0.0,0.0,0.0,0.0,1.0,227.2,17.59,2.11,0.75,9.0,2.0,2.0,0.0,1.0,3.0,1.0,0.8,5.0,10.0
380.7,1.2,378.902181,378.902181,163.0,604.0,0.0,3.0,7.0,3.0,20.0,0.0,0.0,0.0,0.0,0.0,0.0,0.0,1.0,233.3,7.35,2.69,1.48,9.0,4.0,3.0,0.0,1.0,1.0,0.0,0.6,3.0,8.0
362.8,4.5,362.0144595,362.0144595,86.1,500.0,0.0,0.0,6.0,6.0,22.0,0.0,0.0,0.0,0.0,0.0,0.0,0.0,1.0,259.0,12.69,3.27,1.04,3.0,1.0,0.0,0.0,0.0,2.0,0.0,0.8,6.0,10.0
417.5,6.8,417.25152322,417.25152322,73.9,562.0,0.0,1.0,6.0,15.0,30.0,0.0,0.0,0.0,0.0,0.0,0.0,0.0,1.0,338.9,32.41,2.87,0.81,9.0,4.0,1.0,0.0,1.0,2.0,1.0,1.2,15.0,10.0
269.12,4.3,268.0057849,268.0057849,40.5,226.0,0.0,2.0,2.0,2.0,17.0,0.0,0.0,0.0,0.0,0.0,0.0,0.0,1.0,193.0,8.38,1.9,1.1,4.0,0.0,2.0,0.0,0.0,2.0,0.0,0.6,2.0,10.0
220.97,1.4,219.9459011,219.9459011,44.8,181.0,0.0,0.0,4.0,4.0,11.0,0.0,0.0,0.0,0.0,0.0,0.0,0.0,1.0,141.1,5.37,1.87,1.33,1.0,1.0,0.0,0.0,0.0,0.0,0.0,0.6,4.0,10.0
407.6,4.1,405.979109,405.979109,85.6,629.0,0.0,1.0,4.0,3.0,26.0,0.0,1.0,0.0,1.0,0.0,0.0,0.0,1.0,280.7,14.06,2.93,1.53,8.0,4.0,1.0,0.0,0.0,3.0,0.0,0.6,3.0,10.0
299.3,3.6,299.07284784,299.07284784,92.3,363.0,0.0,2.0,4.0,4.0,21.0,0.0,0.0,0.0,0.0,0.0,0.0,0.0,1.0,227.4,15.05,2.41,1.15,6.0,1.0,2.0,0.0,0.0,3.0,0.0,0.8,5.0,10.0
358.2,0.8,357.0004627,357.0004627,91.8,447.0,0.0,2.0,5.0,6.0,21.0,0.0,2.0,2.0,0.0,0.0,0.0,0.0,1.0,245.1,15.52,1.58,1.34,7.0,4.0,2.0,0.0,0.0,1.0,0.0,0.8,7.0,10.0
590.8,6.4,590.38186868,590.38186868,134.0,910.0,0.0,4.0,8.0,13.0,42.0,0.0,10.0,10.0,0.0,0.0,0.0,0.0,1.0,468.9,20.33,7.21,2.13,19.0,7.0,3.0,1.0,0.0,3.0,5.0,1.4,15.2,10.0
362.4,-0.5,362.13903326,362.13903326,76.6,636.0,0.0,1.0,9.0,2.0,26.0,0.0,0.0,0.0,0.0,0.0,0.0,0.0,1.0,262.1,12.32,2.79,0.92,11.0,4.0,0.0,1.0,2.0,4.0,0.0,0.8,3.8,7.0
670.9,4.2,670.42921279,670.42921279,153.0,1110.0,0.0,4.0,11.0,10.0,47.0,0.0,17.0,17.0,0.0,0.0,0.0,0.0,1.0,511.0,14.76,6.38,3.21,23.0,11.0,3.0,1.0,0.0,5.0,3.0,1.4,15.0,10.0
639.8,4.3,639.37711765,639.37711765,116.0,1340.0,0.0,2.0,9.0,3.0,46.0,0.0,10.0,9.0,1.0,5.0,5.0,0.0,1.0,503.1,16.93,7.15,4.17,15.0,7.0,2.0,0.0,0.0,4.0,2.0,1.0,5.8,2.0
315.3,2.3,315.06776246,315.06776246,103.0,428.0,0.0,2.0,5.0,4.0,22.0,0.0,1.0,0.0,1.0,0.0,0.0,0.0,1.0,234.6,14.79,2.08,1.51,7.0,2.0,2.0,0.0,0.0,3.0,0.0,0.8,5.0,10.0
199.27,4.2,199.04557046,199.04557046,37.3,187.0,0.0,1.0,2.0,0.0,14.0,0.0,0.0,0.0,0.0,0.0,0.0,0.0,1.0,156.1,7.03,1.83,0.62,5.0,0.0,1.0,0.0,1.0,3.0,0.0,0.4,0.4,1.0
284.72,1.0,284.0134744,284.0134744,106.0,365.0,0.0,2.0,6.0,3.0,18.0,0.0,0.0,0.0,0.0,0.0,0.0,0.0,1.0,197.7,6.11,3.29,1.25,9.0,4.0,2.0,0.0,1.0,2.0,0.0,0.6,3.0,10.0
300.34,1.7,300.06809681,300.06809681,106.0,442.0,0.0,2.0,6.0,3.0,21.0,0.0,0.0,0.0,0.0,0.0,0.0,0.0,1.0,220.7,7.28,3.07,1.6,10.0,4.0,2.0,0.0,1.0,3.0,0.0,0.6,3.0,10.0
493.7,5.6,493.32258015,493.32258015,92.1,770.0,0.0,1.0,6.0,10.0,34.0,0.0,8.0,8.0,0.0,0.0,0.0,0.0,1.0,397.4,21.15,3.89,1.55,8.0,3.0,1.0,0.0,1.0,2.0,1.0,1.2,12.0,10.0
257.43,0.5,255.922579,255.922579,55.8,183.0,0.0,1.0,4.0,3.0,12.0,0.0,1.0,0.0,1.0,0.0,0.0,0.0,1.0,156.8,4.27,1.94,1.45,3.0,2.0,1.0,0.0,0.0,0.0,0.0,0.6,4.0,10.0
523.6,0.2,523.02901142,523.02901142,256.0,945.0,0.0,3.0,13.0,9.0,34.0,0.0,2.0,2.0,0.0,1.0,1.0,0.0,1.0,367.7,19.23,5.4,1.73,14.0,6.0,2.0,1.0,1.0,4.0,0.0,1.0,10.6,10.0
167.3,2.4,166.98634151,166.98634151,69.4,158.0,0.0,1.0,2.0,0.0,10.0,0.0,0.0,0.0,0.0,0.0,0.0,0.0,1.0,122.7,4.76,1.58,0.63,3.0,1.0,0.0,0.0,0.0,2.0,0.0,0.4,0.0,1.0
382.6,7.5,382.29841384,382.29841384,36.3,417.0,0.0,1.0,2.0,14.0,28.0,0.0,0.0,0.0,0.0,0.0,0.0,0.0,1.0,329.0,18.68,4.17,1.77,9.0,1.0,1.0,0.0,1.0,2.0,4.0,1.2,14.0,10.0
583.6,-8.2,583.28131977,583.28131977,340.0,911.0,0.0,13.0,15.0,9.0,40.0,0.0,15.0,15.0,0.0,0.0,0.0,0.0,1.0,402.2,14.16,5.51,1.89,31.0,12.0,13.0,0.0,3.0,3.0,0.0,1.2,12.4,10.0
527.5,-6.6,527.23263824,527.23263824,272.0,756.0,0.0,11.0,16.0,6.0,36.0,0.0,16.0,15.0,1.0,0.0,0.0,0.0,1.0,359.1,12.5,5.17,2.39,31.0,13.0,11.0,0.0,3.0,4.0,0.0,1.0,9.4,10.0
348.4,0.4,348.16985928,348.16985928,89.9,526.0,0.0,4.0,3.0,4.0,26.0,0.0,0.0,0.0,0.0,0.0,0.0,0.0,1.0,272.2,24.14,2.93,0.59,11.0,1.0,4.0,0.0,2.0,4.0,0.0,0.8,7.2,10.0
334.2,3.8,333.0548008,333.0548008,75.1,408.0,0.0,2.0,3.0,5.0,22.0,0.0,0.0,0.0,0.0,3.0,3.0,0.0,1.0,247.2,26.46,2.66,0.6,7.0,2.0,2.0,0.0,1.0,2.0,0.0,0.8,5.0,10.0
194.23,2.8,194.084398327,194.084398327,38.9,207.0,0.0,1.0,2.0,0.0,15.0,0.0,0.0,0.0,0.0,0.0,0.0,0.0,1.0,155.1,6.21,2.03,0.61,6.0,1.0,1.0,0.0,1.0,3.0,0.0,0.4,0.0,1.0
163.13,1.0,163.026943022,163.026943022,55.4,226.0,0.0,1.0,3.0,0.0,12.0,0.0,0.0,0.0,0.0,0.0,0.0,0.0,1.0,118.3,3.96,2.06,0.58,5.0,2.0,1.0,0.0,0.0,2.0,0.0,0.4,0.0,1.0
284.35,2.5,284.16237386,284.16237386,57.2,415.0,0.0,1.0,5.0,0.0,20.0,0.0,8.0,7.0,1.0,0.0,0.0,0.0,1.0,202.8,4.42,3.54,1.15,7.0,3.0,1.0,0.0,0.0,3.0,0.0,0.6,2.2,3.0
201.18,-0.4,201.07495584,201.07495584,93.1,196.0,0.0,1.0,5.0,4.0,14.0,0.0,1.0,0.0,1.0,0.0,0.0,0.0,1.0,146.6,5.9,2.27,0.79,7.0,4.0,1.0,0.0,1.0,1.0,0.0,0.6,5.0,10.0
318.3,-0.8,318.10158513,318.10158513,92.9,603.0,0.0,2.0,7.0,2.0,23.0,0.0,1.0,1.0,0.0,0.0,0.0,0.0,1.0,230.7,8.23,3.13,0.9,11.0,4.0,1.0,1.0,2.0,3.0,0.0,0.6,3.2,6.0
162.3,1.3,162.01730729,162.01730729,61.6,120.0,0.0,0.0,3.0,5.0,9.0,0.0,1.0,0.0,1.0,0.0,0.0,0.0,1.0,126.9,6.65,1.9,0.75,2.0,0.0,0.0,0.0,0.0,0.0,2.0,0.6,5.0,10.0
287.29,1.3,287.0575917,287.0575917,117.0,467.0,0.0,0.0,7.0,2.0,19.0,0.0,1.0,0.0,1.0,1.0,1.0,0.0,1.0,203.7,12.78,1.52,1.31,9.0,6.0,0.0,1.0,0.0,2.0,0.0,0.6,4.0,10.0
461.5,1.0,461.1056847,461.1056847,125.0,931.0,0.0,1.0,11.0,4.0,32.0,0.0,1.0,0.0,1.0,0.0,0.0,0.0,1.0,332.2,21.74,3.42,1.03,12.0,3.0,0.0,1.0,3.0,5.0,0.0,0.8,5.6,10.0
260.25,0.9,260.09094026,260.09094026,92.7,325.0,0.0,1.0,4.0,4.0,19.0,0.0,0.0,0.0,0.0,0.0,0.0,0.0,1.0,196.6,8.93,2.34,1.3,7.0,3.0,1.0,0.0,1.0,2.0,0.0,0.8,6.0,10.0
349.13,-0.9,347.9957,347.9957,119.0,480.0,0.0,4.0,6.0,3.0,20.0,0.0,4.0,4.0,0.0,1.0,1.0,0.0,1.0,216.9,6.88,4.04,0.99,13.0,6.0,4.0,0.0,0.0,2.0,1.0,0.6,4.0,10.0
307.1,-0.3,305.98513,305.98513,99.1,386.0,0.0,3.0,5.0,2.0,17.0,0.0,3.0,0.0,3.0,0.0,0.0,0.0,1.0,185.0,7.27,2.48,1.16,11.0,5.0,3.0,0.0,0.0,2.0,1.0,0.6,3.0,10.0
395.5,2.1,395.18450629,395.18450629,71.1,593.0,0.0,1.0,5.0,4.0,29.0,0.0,0.0,0.0,0.0,0.0,0.0,0.0,1.0,306.0,23.61,2.9,1.22,10.0,4.0,1.0,0.0,1.0,4.0,0.0,0.8,6.8,10.0
251.24,-1.2,251.10183929,251.10183929,119.0,307.0,0.0,3.0,7.0,2.0,18.0,0.0,3.0,3.0,0.0,0.0,0.0,0.0,1.0,177.2,7.98,2.17,0.83,13.0,3.0,3.0,0.0,4.0,3.0,0.0,0.6,3.0,10.0
226.23,-0.4,226.10659032,226.10659032,76.1,239.0,0.0,0.0,5.0,3.0,16.0,0.0,0.0,0.0,0.0,0.0,0.0,0.0,1.0,167.8,8.67,1.94,0.88,8.0,3.0,0.0,1.0,2.0,2.0,0.0,0.6,5.2,10.0
359.7,5.7,357.950117,357.950117,63.2,365.0,0.0,1.0,3.0,3.0,21.0,0.0,0.0,0.0,0.0,0.0,0.0,0.0,1.0,246.5,10.58,3.38,1.42,7.0,1.0,1.0,0.0,1.0,3.0,1.0,0.6,3.0,10.0
379.5,3.0,379.20082506,379.20082506,73.5,525.0,0.0,2.0,5.0,5.0,28.0,0.0,0.0,0.0,0.0,0.0,0.0,0.0,1.0,295.7,18.51,3.44,1.68,12.0,3.0,2.0,0.0,3.0,4.0,0.0,0.8,7.2,10.0
288.17,3.0,287.0704509,287.0704509,88.8,329.0,0.0,3.0,1.0,4.0,18.0,0.0,0.0,0.0,0.0,1.0,0.0,1.0,1.0,206.8,12.15,2.41,0.9,7.0,0.0,3.0,0.0,2.0,1.0,1.0,0.6,4.0,10.0
414.5,1.1,414.05554326,414.05554326,187.0,700.0,0.0,3.0,9.0,6.0,27.0,0.0,4.0,3.0,1.0,0.0,0.0,0.0,1.0,295.0,9.27,4.27,1.25,15.0,7.0,1.0,3.0,0.0,3.0,1.0,0.8,7.8,10.0
360.4,2.9,360.14853532,360.14853532,81.1,631.0,0.0,2.0,7.0,2.0,26.0,0.0,1.0,0.0,1.0,0.0,0.0,0.0,1.0,267.0,11.85,2.98,0.94,12.0,4.0,1.0,1.0,2.0,4.0,0.0,0.8,3.8,4.0
284.4,-1.7,284.06129735,284.06129735,116.0,419.0,0.0,2.0,8.0,2.0,17.0,0.0,0.0,0.0,0.0,0.0,0.0,0.0,1.0,190.3,10.82,1.47,1.08,10.0,4.0,2.0,0.0,2.0,2.0,0.0,0.6,4.0,10.0
265.27,-1.9,265.11748936,265.11748936,126.0,415.0,0.0,4.0,5.0,3.0,19.0,0.0,3.0,3.0,0.0,0.0,0.0,0.0,1.0,192.5,9.05,2.37,1.0,11.0,3.0,4.0,0.0,1.0,3.0,0.0,0.6,3.8,10.0
226.3,1.1,225.96931172,225.96931172,109.0,262.0,0.0,0.0,5.0,1.0,13.0,0.0,0.0,0.0,0.0,0.0,0.0,0.0,1.0,162.6,6.52,1.72,1.01,5.0,3.0,0.0,0.0,0.0,2.0,0.0,0.4,1.0,5.0
447.5,-5.1,447.26929854,447.26929854,214.0,643.0,0.0,8.0,12.0,6.0,31.0,0.0,11.0,11.0,0.0,0.0,0.0,0.0,1.0,324.3,12.43,4.59,1.52,23.0,7.0,8.0,0.0,5.0,3.0,0.0,1.0,9.2,10.0
259.22,-1.9,259.08043514,259.08043514,151.0,329.0,0.0,5.0,7.0,3.0,18.0,0.0,4.0,0.0,4.0,0.0,0.0,0.0,1.0,179.8,8.71,1.93,0.98,13.0,5.0,5.0,0.0,1.0,2.0,0.0,0.6,4.0,10.0
180.27,1.5,180.07211956,180.07211956,71.0,159.0,0.0,1.0,2.0,3.0,12.0,0.0,0.0,0.0,0.0,0.0,0.0,0.0,1.0,145.4,6.22,2.13,0.82,4.0,2.0,0.0,0.0,0.0,1.0,1.0,0.6,3.0,10.0
247.25,-0.6,247.04269053,247.04269053,113.0,374.0,0.0,2.0,5.0,2.0,16.0,0.0,2.0,2.0,0.0,0.0,0.0,0.0,1.0,170.5,7.04,2.15,0.86,8.0,3.0,3.0,0.0,0.0,2.0,0.0,0.6,3.0,10.0
154.16,-0.7,154.062994177,154.062994177,60.7,116.0,0.0,3.0,3.0,2.0,11.0,0.0,0.0,0.0,0.0,0.0,0.0,0.0,1.0,120.1,4.39,1.62,0.81,5.0,1.0,3.0,0.0,0.0,1.0,0.0,0.4,2.0,10.0
236.3,1.0,236.07318219,236.07318219,112.0,285.0,0.0,3.0,3.0,3.0,16.0,0.0,0.0,0.0,0.0,1.0,1.0,0.0,1.0,180.1,14.15,1.73,0.6,7.0,3.0,3.0,0.0,0.0,1.0,0.0,0.6,5.0,10.0
185.18,0.2,185.08004122,185.08004122,83.9,194.0,0.0,1.0,4.0,2.0,13.0,0.0,1.0,0.0,1.0,0.0,0.0,0.0,1.0,137.3,3.7,2.82,0.77,7.0,3.0,1.0,1.0,1.0,1.0,0.0,0.6,3.0,6.0
371.1,-0.7,370.97783,370.97783,108.0,430.0,0.0,3.0,5.0,2.0,18.0,0.0,4.0,4.0,0.0,0.0,0.0,0.0,1.0,198.8,6.61,2.95,0.94,11.0,4.0,4.0,0.0,0.0,2.0,1.0,0.6,3.0,10.0
495.4,-5.6,495.16014201,495.16014201,245.0,871.0,0.0,8.0,12.0,8.0,35.0,0.0,8.0,7.0,1.0,0.0,0.0,0.0,1.0,352.0,23.87,2.39,2.08,23.0,10.0,7.0,1.0,1.0,3.0,1.0,1.0,10.0,10.0
518.0,5.3,517.224453,517.224453,73.8,707.0,0.0,2.0,7.0,7.0,37.0,0.0,0.0,0.0,0.0,0.0,0.0,0.0,1.0,397.2,12.42,5.08,4.47,12.0,1.0,2.0,0.0,3.0,6.0,0.0,1.0,9.0,10.0
624.6,-0.5,624.20542044,624.20542044,245.0,936.0,0.0,9.0,15.0,11.0,44.0,0.0,10.0,10.0,0.0,1.0,1.0,0.0,1.0,450.1,26.18,6.09,2.12,23.0,10.0,9.0,0.0,0.0,4.0,0.0,1.2,13.4,10.0
191.19,1.5,191.069476538,191.069476538,67.0,222.0,0.0,2.0,3.0,2.0,14.0,0.0,0.0,0.0,0.0,0.0,0.0,0.0,1.0,145.1,8.77,1.43,0.58,5.0,1.0,2.0,0.0,0.0,2.0,0.0,0.6,3.0,2.0
504.4,5.7,504.08451746,504.08451746,156.0,1090.0,0.0,6.0,8.0,0.0,38.0,0.0,0.0,0.0,0.0,0.0,0.0,0.0,1.0,357.3,8.0,7.97,0.74,16.0,2.0,6.0,0.0,0.0,8.0,0.0,0.6,0.0,2.0
219.62,0.6,219.0410689,219.0410689,83.9,211.0,0.0,1.0,4.0,3.0,14.0,0.0,1.0,0.0,1.0,0.0,0.0,0.0,1.0,153.9,4.9,2.63,0.84,7.0,3.0,1.0,1.0,1.0,1.0,0.0,0.6,4.0,10.0
350.4,1.4,350.10487624,350.10487624,128.0,609.0,0.0,1.0,6.0,3.0,24.0,0.0,5.0,4.0,1.0,0.0,0.0,0.0,1.0,258.8,11.32,2.48,1.48,11.0,4.0,1.0,1.0,2.0,3.0,0.0,0.8,5.0,10.0
282.33,2.8,282.1467238,282.1467238,54.0,452.0,0.0,0.0,5.0,0.0,20.0,0.0,7.0,7.0,0.0,0.0,0.0,0.0,1.0,202.5,4.42,3.72,1.08,5.0,2.0,0.0,0.0,0.0,3.0,0.0,0.6,2.0,1.0
128.55,2.4,128.0028925,128.0028925,20.2,66.0,0.0,1.0,1.0,0.0,8.0,0.0,0.0,0.0,0.0,0.0,0.0,0.0,1.0,95.3,3.38,1.36,0.61,2.0,0.0,1.0,0.0,0.0,1.0,0.0,0.4,0.0,1.0
718.7,-4.1,718.29088139,718.29088139,306.0,1290.0,0.0,11.0,16.0,12.0,50.0,0.0,15.0,14.0,1.0,1.0,1.0,0.0,1.0,513.2,20.83,5.76,2.47,32.0,16.0,11.0,0.0,0.0,4.0,1.0,1.4,17.4,10.0
253.3,2.5,253.12151211,253.12151211,74.2,312.0,0.0,2.0,4.0,2.0,19.0,0.0,0.0,0.0,0.0,0.0,0.0,0.0,1.0,198.5,11.32,1.88,0.65,9.0,2.0,2.0,0.0,2.0,3.0,0.0,0.6,2.0,4.0
427.3,4.1,426.0749271,426.0749271,84.6,487.0,0.0,0.0,5.0,9.0,28.0,0.0,0.0,0.0,0.0,0.0,0.0,0.0,1.0,312.5,18.42,3.05,2.41,8.0,5.0,0.0,1.0,0.0,2.0,0.0,1.2,11.0,10.0
409.8,0.7,409.1004755,409.1004755,86.9,761.0,0.0,2.0,8.0,3.0,28.0,0.0,3.0,2.0,1.0,0.0,0.0,0.0,1.0,290.6,12.72,3.5,0.99,11.0,3.0,1.0,1.0,3.0,3.0,0.0,0.8,4.8,8.0
462.5,-2.3,462.07801004,462.07801004,225.0,775.0,0.0,5.0,10.0,7.0,31.0,0.0,3.0,2.0,1.0,0.0,0.0,0.0,1.0,329.4,16.62,5.09,1.38,15.0,6.0,3.0,1.0,1.0,4.0,0.0,1.0,8.6,10.0
463.6,-4.5,463.30059866,463.30059866,200.0,607.0,0.0,8.0,12.0,7.0,32.0,0.0,12.0,11.0,1.0,0.0,0.0,0.0,1.0,339.4,13.14,4.35,1.88,23.0,7.0,8.0,0.0,5.0,3.0,0.0,1.0,10.6,10.0
304.5,7.4,304.300425216,304.300425216,0.0,240.0,1.0,0.0,0.0,13.0,22.0,0.0,0.0,0.0,0.0,0.0,0.0,0.0,1.0,274.4,16.06,4.5,1.51,3.0,0.0,0.0,0.0,1.0,1.0,1.0,1.4,13.0,10.0
278.33,1.2,278.08374688,278.08374688,106.0,387.0,0.0,2.0,6.0,3.0,19.0,0.0,0.0,0.0,0.0,0.0,0.0,0.0,1.0,206.8,5.88,3.17,1.62,9.0,3.0,2.0,0.0,2.0,2.0,0.0,0.6,3.0,10.0
280.41,2.1,280.21507814,280.21507814,41.6,326.0,0.0,1.0,3.0,6.0,20.0,0.0,0.0,0.0,0.0,0.0,0.0,0.0,1.0,217.4,17.41,1.36,1.14,8.0,2.0,1.0,0.0,1.0,4.0,0.0,0.8,8.2,10.0
312.37,1.8,312.15862589,312.15862589,118.0,350.0,0.0,4.0,4.0,8.0,23.0,0.0,0.0,0.0,0.0,0.0,0.0,0.0,1.0,247.6,9.25,5.26,1.22,10.0,2.0,4.0,0.0,2.0,2.0,0.0,0.8,8.0,10.0
351.4,-1.3,351.12527733,351.12527733,138.0,658.0,0.0,3.0,6.0,4.0,24.0,0.0,4.0,4.0,0.0,0.0,0.0,0.0,1.0,262.5,8.49,3.26,1.48,12.0,4.0,2.0,1.0,1.0,3.0,1.0,0.8,6.2,10.0
228.07,3.5,226.9904692,226.9904692,33.1,214.0,0.0,1.0,2.0,0.0,14.0,0.0,0.0,0.0,0.0,0.0,0.0,0.0,1.0,159.7,5.03,2.87,0.61,4.0,1.0,1.0,0.0,0.0,2.0,0.0,0.4,0.0,1.0
323.5,5.5,323.13438547,323.13438547,44.6,453.0,0.0,0.0,2.0,3.0,23.0,0.0,2.0,0.0,2.0,0.0,0.0,0.0,1.0,259.8,7.91,3.22,2.05,4.0,1.0,0.0,0.0,0.0,3.0,0.0,0.8,4.6,10.0
256.25,-0.7,256.10592162,256.10592162,99.1,395.0,0.0,3.0,5.0,3.0,18.0,0.0,3.0,3.0,0.0,0.0,0.0,0.0,1.0,188.6,6.53,3.08,0.82,11.0,5.0,3.0,0.0,0.0,2.0,1.0,0.6,4.0,10.0
346.4,4.6,346.12815484,346.12815484,17.8,445.0,0.0,0.0,3.0,4.0,26.0,0.0,1.0,0.0,1.0,0.0,0.0,0.0,1.0,266.7,4.72,3.91,3.06,5.0,0.0,0.0,0.0,1.0,4.0,0.0,0.8,4.0,10.0
455.4,6.7,454.0673398,454.0673398,52.4,500.0,0.0,0.0,3.0,8.0,30.0,0.0,1.0,0.0,1.0,0.0,0.0,0.0,1.0,343.9,17.16,5.39,1.61,6.0,1.0,0.0,0.0,1.0,4.0,0.0,1.0,8.0,10.0
584.7,0.2,584.02763169,584.02763169,305.0,1030.0,0.0,4.0,15.0,10.0,37.0,0.0,2.0,2.0,0.0,1.0,1.0,0.0,1.0,406.8,26.82,4.58,1.96,17.0,8.0,2.0,2.0,1.0,4.0,0.0,1.2,11.6,10.0
238.16,-0.5,238.0338193,238.0338193,121.0,390.0,0.0,1.0,6.0,2.0,17.0,0.0,0.0,0.0,0.0,1.0,1.0,0.0,1.0,165.9,4.99,2.38,1.39,10.0,6.0,1.0,1.0,0.0,2.0,0.0,0.6,3.6,10.0
397.4,-0.7,397.05146094,397.05146094,201.0,712.0,0.0,3.0,10.0,5.0,26.0,0.0,2.0,2.0,0.0,1.0,1.0,0.0,1.0,281.2,12.65,3.37,1.58,12.0,5.0,2.0,1.0,1.0,3.0,0.0,0.8,6.6,10.0
454.5,3.0,454.1198576,454.1198576,138.0,774.0,0.0,2.0,7.0,7.0,32.0,0.0,4.0,3.0,1.0,0.0,0.0,0.0,1.0,342.1,15.3,5.56,1.72,13.0,5.0,1.0,2.0,0.0,4.0,1.0,1.0,8.8,10.0
470.2,3.2,469.9776,467.97965,118.0,426.0,0.0,4.0,4.0,8.0,25.0,0.0,0.0,0.0,0.0,0.0,0.0,0.0,1.0,291.8,8.55,4.71,2.09,12.0,2.0,4.0,0.0,2.0,2.0,2.0,0.8,8.0,10.0
171.2,-1.6,171.11201006,171.11201006,101.0,192.0,0.0,3.0,2.0,2.0,12.0,0.0,0.0,0.0,0.0,0.0,0.0,0.0,1.0,126.1,4.64,1.7,0.97,7.0,1.0,3.0,0.0,2.0,1.0,0.0,0.6,3.2,10.0
257.07,4.4,255.9806328,255.9806328,61.6,272.0,0.0,1.0,2.0,1.0,16.0,0.0,0.0,0.0,0.0,0.0,0.0,0.0,1.0,173.5,5.25,2.15,1.29,7.0,2.0,1.0,1.0,1.0,2.0,0.0,0.6,2.0,2.0
261.23,-0.2,261.06372245,261.06372245,76.1,446.0,0.0,1.0,6.0,2.0,19.0,0.0,0.0,0.0,0.0,0.0,0.0,0.0,1.0,189.3,7.23,3.1,0.68,10.0,5.0,0.0,1.0,1.0,3.0,0.0,0.6,2.6,2.0
234.28,2.0,234.05753213,234.05753213,108.0,309.0,0.0,2.0,3.0,1.0,16.0,0.0,0.0,0.0,0.0,0.0,0.0,0.0,1.0,176.0,6.86,3.02,0.66,6.0,1.0,2.0,0.0,1.0,2.0,0.0,0.6,2.0,6.0
378.4,2.7,378.12494298,378.12494298,121.0,590.0,0.0,2.0,6.0,6.0,26.0,0.0,4.0,0.0,4.0,0.0,0.0,0.0,1.0,285.5,16.35,2.73,1.44,12.0,5.0,1.0,1.0,0.0,3.0,2.0,1.0,7.8,10.0
214.2,0.9,214.01606124,214.01606124,119.0,268.0,0.0,1.0,5.0,1.0,14.0,0.0,0.0,0.0,0.0,0.0,0.0,0.0,1.0,147.3,7.44,1.75,0.58,7.0,3.0,1.0,1.0,0.0,2.0,0.0,0.6,2.8,4.0
216.28,1.5,216.126263138,216.126263138,35.8,286.0,0.0,1.0,2.0,2.0,16.0,0.0,0.0,0.0,0.0,1.0,1.0,0.0,1.0,176.0,10.68,1.79,0.88,4.0,0.0,1.0,0.0,1.0,2.0,0.0,0.6,2.8,10.0
423.7,5.8,422.035561,422.035561,36.3,498.0,0.0,0.0,3.0,7.0,27.0,0.0,0.0,0.0,0.0,1.0,1.0,0.0,1.0,307.9,16.04,4.41,1.23,6.0,2.0,0.0,0.0,1.0,3.0,0.0,0.8,7.0,10.0
414.5,1.1,414.05554326,414.05554326,175.0,755.0,0.0,3.0,8.0,5.0,27.0,0.0,4.0,3.0,1.0,0.0,0.0,0.0,1.0,290.9,10.7,3.34,1.54,13.0,7.0,1.0,2.0,0.0,2.0,1.0,0.8,6.8,10.0
285.28,0.7,285.04194163,285.04194163,126.0,386.0,0.0,0.0,7.0,4.0,19.0,0.0,1.0,0.0,1.0,1.0,1.0,0.0,1.0,205.6,15.69,1.84,1.01,9.0,5.0,0.0,1.0,0.0,2.0,1.0,0.8,5.8,10.0
214.25,-0.7,214.05244675,214.05244675,133.0,307.0,0.0,3.0,4.0,2.0,14.0,0.0,0.0,0.0,0.0,0.0,0.0,0.0,1.0,151.4,7.3,1.24,1.23,8.0,2.0,4.0,0.0,1.0,1.0,0.0,0.6,2.0,3.0
268.18,-0.3,268.04438399,268.04438399,132.0,433.0,0.0,1.0,7.0,3.0,19.0,0.0,0.0,0.0,0.0,1.0,1.0,0.0,1.0,187.8,14.02,1.81,0.63,11.0,7.0,1.0,1.0,0.0,2.0,0.0,0.6,4.6,10.0
288.3,1.3,288.12224039,288.12224039,86.6,473.0,0.0,1.0,7.0,3.0,21.0,0.0,0.0,0.0,0.0,0.0,0.0,0.0,1.0,215.2,10.63,2.73,0.67,8.0,3.0,0.0,1.0,1.0,3.0,0.0,0.6,4.0,4.0
280.31,0.3,280.06301143,280.06301143,116.0,376.0,0.0,2.0,7.0,4.0,19.0,0.0,0.0,0.0,0.0,0.0,0.0,0.0,1.0,203.5,6.74,3.21,1.33,8.0,3.0,2.0,0.0,1.0,2.0,0.0,0.6,4.0,10.0
548.4,1.1,546.9612375,546.9612375,212.0,984.0,0.0,2.0,11.0,7.0,33.0,0.0,2.0,2.0,0.0,0.0,0.0,0.0,1.0,372.4,19.25,5.72,1.38,14.0,7.0,1.0,1.0,1.0,4.0,0.0,1.0,8.6,10.0
339.19,2.0,338.03784,338.03784,96.3,296.0,0.0,2.0,6.0,4.0,20.0,0.0,0.0,0.0,0.0,0.0,0.0,0.0,1.0,225.5,8.84,2.79,1.43,8.0,2.0,2.0,0.0,1.0,2.0,1.0,0.6,4.0,10.0
481.5,2.7,481.13075664,481.13075664,153.0,875.0,0.0,2.0,8.0,6.0,34.0,0.0,5.0,4.0,1.0,0.0,0.0,0.0,1.0,359.7,19.49,4.81,1.87,13.0,4.0,2.0,0.0,1.0,5.0,1.0,1.0,8.2,10.0
440.5,-0.7,440.01436441,440.01436441,235.0,709.0,0.0,2.0,12.0,7.0,28.0,0.0,2.0,2.0,0.0,0.0,0.0,0.0,1.0,301.6,20.64,2.53,1.84,13.0,6.0,1.0,1.0,1.0,4.0,0.0,1.0,8.6,10.0
303.32,-2.1,303.13313942,303.13313942,98.7,489.0,0.0,2.0,8.0,3.0,22.0,0.0,0.0,0.0,0.0,0.0,0.0,0.0,1.0,222.5,11.45,2.74,0.68,10.0,3.0,1.0,1.0,2.0,3.0,0.0,0.8,4.2,4.0
361.4,3.0,361.10962727,361.10962727,124.0,603.0,0.0,2.0,6.0,5.0,25.0,0.0,4.0,0.0,4.0,0.0,0.0,0.0,1.0,273.7,13.24,2.8,1.78,11.0,5.0,1.0,1.0,0.0,3.0,1.0,0.8,6.8,10.0
120.18,1.3,120.03573406,120.03573406,45.3,91.0,0.0,3.0,4.0,2.0,7.0,0.0,0.0,0.0,0.0,0.0,0.0,0.0,1.0,91.5,5.35,1.31,0.6,4.0,1.0,2.0,0.0,1.0,0.0,0.0,0.4,1.0,10.0
312.4,3.4,312.19367399,312.19367399,46.2,443.0,0.0,0.0,5.0,2.0,22.0,0.0,8.0,8.0,0.0,0.0,0.0,0.0,1.0,229.1,5.14,3.45,1.85,6.0,3.0,0.0,0.0,0.0,3.0,0.0,0.6,4.2,1.0
275.22,2.1,275.0542204,275.0542204,121.0,387.0,0.0,2.0,6.0,3.0,20.0,0.0,0.0,0.0,0.0,1.0,1.0,0.0,1.0,201.0,7.65,3.36,0.96,10.0,5.0,2.0,1.0,0.0,2.0,0.0,0.8,5.0,6.0
273.19,-2.0,273.06269088,273.06269088,136.0,327.0,0.0,3.0,8.0,5.0,18.0,0.0,0.0,0.0,0.0,0.0,0.0,0.0,1.0,188.6,6.97,2.79,1.25,12.0,4.0,1.0,1.0,4.0,2.0,0.0,0.6,5.0,10.0
281.33,1.4,281.08341252,281.08341252,103.0,353.0,0.0,2.0,5.0,5.0,19.0,0.0,1.0,0.0,1.0,0.0,0.0,0.0,1.0,210.7,15.81,1.47,1.19,7.0,2.0,2.0,0.0,0.0,2.0,1.0,0.8,6.0,10.0
535.5,5.6,534.2065504,534.2065504,38.7,655.0,0.0,0.0,6.0,6.0,37.0,0.0,0.0,0.0,0.0,0.0,0.0,0.0,1.0,404.2,34.83,4.87,1.52,12.0,2.0,0.0,0.0,4.0,6.0,0.0,1.4,8.4,10.0
199.99,-0.6,198.94802,198.94802,86.3,107.0,0.0,2.0,4.0,2.0,9.0,0.0,0.0,0.0,0.0,0.0,0.0,0.0,1.0,107.1,2.13,1.78,1.34,8.0,4.0,2.0,1.0,0.0,0.0,1.0,0.6,3.0,10.0
305.5,3.5,304.91044,304.91044,33.1,193.0,0.0,1.0,2.0,0.0,13.0,0.0,0.0,0.0,0.0,0.0,0.0,0.0,1.0,158.9,4.92,2.74,0.63,5.0,1.0,1.0,0.0,0.0,2.0,1.0,0.4,0.0,1.0
254.31,0.5,254.07251349,254.07251349,97.6,397.0,0.0,2.0,4.0,3.0,17.0,0.0,0.0,0.0,0.0,0.0,0.0,0.0,1.0,191.7,7.94,2.8,1.32,8.0,3.0,2.0,0.0,1.0,1.0,1.0,0.6,4.0,10.0
152.15,0.6,152.047344113,152.047344113,57.5,138.0,0.0,2.0,3.0,2.0,11.0,0.0,1.0,0.0,1.0,0.0,0.0,0.0,1.0,118.6,4.3,1.41,0.94,6.0,3.0,1.0,1.0,0.0,1.0,0.0,0.4,2.0,10.0
295.25,1.0,295.09166853,295.09166853,130.0,412.0,0.0,3.0,7.0,6.0,21.0,0.0,2.0,2.0,0.0,0.0,0.0,0.0,1.0,215.7,16.01,1.43,1.13,10.0,5.0,3.0,1.0,0.0,1.0,0.0,0.8,8.0,10.0
475.4,1.8,474.1562462,474.1562462,160.0,667.0,0.0,4.0,2.0,6.0,32.0,0.0,0.0,0.0,0.0,2.0,0.0,2.0,1.0,345.4,44.9,1.45,1.0,11.0,0.0,4.0,0.0,4.0,3.0,0.0,1.0,7.2,6.0
428.4,1.2,428.14711772,428.14711772,109.0,921.0,0.0,0.0,8.0,4.0,31.0,0.0,5.0,5.0,0.0,0.0,0.0,0.0,1.0,314.7,8.32,4.61,1.58,11.0,6.0,0.0,0.0,0.0,5.0,0.0,0.8,5.2,2.0
60.05,-0.2,60.021129366,60.021129366,37.3,31.0,0.0,1.0,2.0,0.0,4.0,0.0,0.0,0.0,0.0,0.0,0.0,0.0,1.0,47.7,1.33,1.11,0.56,3.0,2.0,0.0,1.0,0.0,0.0,0.0,0.4,0.0,1.0
110.11,0.8,110.03677943,110.03677943,40.5,64.0,0.0,2.0,2.0,0.0,8.0,0.0,0.0,0.0,0.0,0.0,0.0,0.0,1.0,87.1,2.47,1.67,0.59,3.0,0.0,2.0,0.0,0.0,1.0,0.0,0.4,0.0,1.0
356.5,2.7,356.15584919,356.15584919,77.9,443.0,0.0,2.0,5.0,7.0,25.0,0.0,0.0,0.0,0.0,0.0,0.0,0.0,1.0,280.4,14.12,4.8,0.85,9.0,2.0,2.0,0.0,2.0,3.0,0.0,0.8,7.0,10.0
622.7,6.4,622.30428706,622.30428706,61.9,979.0,0.0,0.0,8.0,4.0,46.0,0.0,2.0,2.0,0.0,0.0,0.0,0.0,1.0,486.0,10.19,9.92,1.91,14.0,6.0,0.0,0.0,2.0,6.0,0.0,1.0,6.0,3.0
127.17,0.5,127.00918496,127.00918496,55.6,162.0,0.0,1.0,2.0,0.0,8.0,0.0,0.0,0.0,0.0,0.0,0.0,0.0,1.0,95.7,2.72,1.81,0.61,2.0,1.0,0.0,0.0,0.0,1.0,0.0,0.4,0.0,1.0
287.21,-1.6,287.07834094,287.07834094,136.0,354.0,0.0,3.0,8.0,5.0,19.0,0.0,1.0,1.0,0.0,0.0,0.0,0.0,1.0,201.1,7.06,3.15,1.23,12.0,4.0,1.0,1.0,4.0,2.0,0.0,0.6,5.0,10.0
76.05,-0.4,76.016043985,76.016043985,46.5,40.0,0.0,1.0,3.0,1.0,5.0,0.0,0.0,0.0,0.0,0.0,0.0,0.0,1.0,56.8,1.96,1.05,0.55,1.0,1.0,0.0,0.0,0.0,0.0,0.0,0.4,1.0,3.0
328.1,3.4,327.0065132,327.0065132,59.8,383.0,0.0,0.0,4.0,5.0,21.0,0.0,0.0,0.0,0.0,0.0,0.0,0.0,1.0,233.3,17.91,1.33,1.15,5.0,3.0,0.0,0.0,0.0,2.0,0.0,0.8,6.0,10.0
205.66,1.7,204.9964274,204.9964274,54.6,226.0,0.0,1.0,3.0,2.0,12.0,0.0,0.0,0.0,0.0,0.0,0.0,0.0,1.0,143.2,6.29,1.36,1.05,4.0,2.0,1.0,0.0,0.0,1.0,0.0,0.6,2.0,2.0
122.16,1.4,122.073164938,122.073164938,20.2,65.0,0.0,1.0,1.0,2.0,9.0,0.0,0.0,0.0,0.0,0.0,0.0,0.0,1.0,104.6,3.67,1.37,0.84,3.0,1.0,1.0,0.0,0.0,1.0,0.0,0.4,2.0,4.0
284.35,-1.9,284.17360725,284.17360725,102.0,391.0,0.0,3.0,5.0,6.0,20.0,0.0,3.0,3.0,0.0,0.0,0.0,0.0,1.0,222.1,6.46,4.48,1.12,11.0,4.0,2.0,1.0,1.0,1.0,2.0,0.8,7.8,10.0
100.12,-0.5,100.052429494,100.052429494,34.1,51.0,0.0,0.0,2.0,4.0,7.0,0.0,0.0,0.0,0.0,0.0,0.0,0.0,1.0,84.5,4.57,1.13,0.59,2.0,2.0,0.0,0.0,0.0,0.0,0.0,0.6,4.0,10.0
333.13,-0.4,332.00078,332.00078,99.1,450.0,0.0,3.0,5.0,3.0,19.0,0.0,3.0,3.0,0.0,1.0,1.0,0.0,1.0,209.2,6.62,4.18,0.82,11.0,5.0,3.0,0.0,0.0,2.0,1.0,0.6,4.0,10.0
354.4,2.9,354.20557608,354.20557608,118.0,388.0,0.0,4.0,4.0,11.0,26.0,0.0,0.0,0.0,0.0,0.0,0.0,0.0,1.0,287.8,42.45,1.68,1.41,11.0,2.0,4.0,0.0,2.0,2.0,1.0,1.0,11.0,10.0
302.37,2.6,302.16304257,302.16304257,58.6,451.0,0.0,1.0,3.0,6.0,22.0,0.0,0.0,0.0,0.0,0.0,0.0,0.0,1.0,239.7,5.52,5.33,1.68,7.0,3.0,1.0,0.0,0.0,2.0,1.0,0.8,6.0,10.0
456.7,8.2,456.36034539,456.36034539,57.5,861.0,0.0,2.0,3.0,2.0,33.0,0.0,10.0,10.0,0.0,0.0,0.0,0.0,1.0,366.9,14.54,3.13,1.49,11.0,3.0,1.0,1.0,0.0,5.0,1.0,0.8,4.6,1.0
74.08,0.3,74.03677943,74.03677943,37.3,40.0,0.0,1.0,2.0,1.0,5.0,0.0,0.0,0.0,0.0,0.0,0.0,0.0,1.0,60.3,2.11,1.07,0.58,4.0,2.0,0.0,1.0,0.0,0.0,1.0,0.4,1.0,2.0
251.71,1.0,251.0937732,251.0937732,80.0,355.0,0.0,2.0,1.0,1.0,17.0,0.0,0.0,0.0,0.0,0.0,0.0,0.0,1.0,184.4,7.62,1.71,1.18,7.0,0.0,2.0,0.0,2.0,2.0,1.0,0.6,1.4,1.0
372.09,-0.9,371.96185,371.96185,99.1,418.0,0.0,3.0,6.0,2.0,18.0,0.0,4.0,0.0,4.0,0.0,0.0,0.0,1.0,198.2,6.84,2.56,1.57,11.0,5.0,3.0,0.0,0.0,2.0,1.0,0.6,3.0,10.0
433.5,3.2,433.21005233,433.21005233,94.5,646.0,0.0,1.0,8.0,10.0,31.0,0.0,0.0,0.0,0.0,1.0,1.0,0.0,1.0,336.7,8.54,5.3,2.19,10.0,4.0,1.0,0.0,1.0,3.0,1.0,1.2,11.6,10.0
320.3,3.2,320.12598835,320.12598835,93.1,486.0,0.0,2.0,6.0,6.0,23.0,0.0,0.0,0.0,0.0,1.0,1.0,0.0,1.0,247.5,8.05,3.64,1.54,9.0,4.0,1.0,1.0,0.0,2.0,1.0,0.8,6.4,10.0
517.8,6.1,517.32258015,517.32258015,92.1,895.0,0.0,1.0,6.0,6.0,36.0,0.0,10.0,10.0,0.0,0.0,0.0,0.0,1.0,409.6,19.82,3.64,1.84,9.0,3.0,1.0,0.0,1.0,3.0,1.0,1.0,9.2,10.0
183.1,-2.2,183.02965942,183.02965942,98.1,166.0,0.0,3.0,5.0,4.0,11.0,0.0,0.0,0.0,0.0,0.0,0.0,0.0,1.0,126.6,5.81,1.39,1.15,5.0,4.0,0.0,1.0,0.0,0.0,0.0,0.6,5.0,10.0
600.7,3.1,600.30468099,600.30468099,147.0,1290.0,0.0,3.0,9.0,7.0,43.0,0.0,11.0,11.0,0.0,3.0,2.0,1.0,1.0,454.3,35.74,2.95,2.16,18.0,8.0,3.0,0.0,0.0,4.0,3.0,1.2,10.8,10.0
422.4,1.5,422.15901982,422.15901982,105.0,675.0,0.0,1.0,6.0,5.0,31.0,0.0,0.0,0.0,0.0,0.0,0.0,0.0,1.0,318.0,15.69,3.93,2.29,10.0,4.0,1.0,0.0,1.0,4.0,0.0,1.0,8.2,10.0
335.8,4.9,335.0746777,335.0746777,66.5,412.0,0.0,1.0,3.0,5.0,22.0,0.0,0.0,0.0,0.0,0.0,0.0,0.0,1.0,258.6,8.59,4.43,1.32,6.0,3.0,0.0,0.0,0.0,2.0,1.0,1.0,6.0,10.0
354.4,3.2,354.21680947,354.21680947,87.9,417.0,0.0,3.0,6.0,8.0,26.0,0.0,1.0,1.0,0.0,0.0,0.0,0.0,1.0,278.7,14.7,4.64,1.25,12.0,1.0,3.0,0.0,3.0,3.0,2.0,0.8,8.0,10.0
420.5,-3.4,420.11372685,420.11372685,196.0,780.0,0.0,5.0,10.0,7.0,27.0,0.0,6.0,6.0,0.0,0.0,0.0,0.0,1.0,298.1,18.33,2.5,1.38,12.0,4.0,4.0,1.0,1.0,2.0,0.0,1.0,8.4,10.0
376.2,2.2,375.0752615,375.0752615,99.8,447.0,0.0,4.0,6.0,4.0,24.0,0.0,4.0,4.0,0.0,0.0,0.0,0.0,1.0,263.7,9.38,4.01,0.96,13.0,4.0,4.0,0.0,1.0,3.0,1.0,0.8,5.0,10.0
227.19,-1.3,227.07061935,227.07061935,88.2,405.0,0.0,2.0,4.0,2.0,16.0,0.0,2.0,2.0,0.0,0.0,0.0,0.0,1.0,161.4,5.79,2.18,1.1,8.0,3.0,3.0,0.0,0.0,2.0,0.0,0.6,2.6,7.0
451.4,4.5,450.0684025,450.0684025,108.0,529.0,0.0,1.0,5.0,8.0,29.0,0.0,0.0,0.0,0.0,0.0,0.0,0.0,1.0,330.8,10.98,5.01,2.42,8.0,2.0,1.0,0.0,1.0,3.0,1.0,1.0,8.0,10.0
329.4,4.8,329.16404563,329.16404563,73.6,452.0,0.0,2.0,5.0,4.0,25.0,0.0,0.0,0.0,0.0,0.0,0.0,0.0,1.0,261.5,17.33,2.94,1.44,7.0,1.0,2.0,0.0,1.0,3.0,0.0,0.8,4.0,10.0
354.3,4.0,352.961495,352.961495,92.2,476.0,0.0,0.0,4.0,2.0,21.0,0.0,1.0,1.0,0.0,1.0,1.0,0.0,1.0,247.5,14.65,1.89,1.35,5.0,1.0,0.0,0.0,1.0,3.0,0.0,0.6,2.8,10.0
357.4,-0.3,357.14886967,357.14886967,64.1,679.0,0.0,1.0,7.0,3.0,26.0,0.0,2.0,2.0,0.0,0.0,0.0,0.0,1.0,269.2,12.14,3.36,0.84,10.0,3.0,0.0,1.0,3.0,3.0,0.0,0.8,4.6,6.0
359.4,-0.2,359.16451973,359.16451973,64.1,613.0,0.0,1.0,7.0,4.0,26.0,0.0,0.0,0.0,0.0,0.0,0.0,0.0,1.0,273.9,14.44,3.28,0.77,10.0,3.0,0.0,1.0,3.0,3.0,0.0,0.8,5.8,10.0
437.5,3.5,437.11218768,437.11218768,116.0,657.0,0.0,1.0,8.0,6.0,31.0,0.0,2.0,2.0,0.0,0.0,0.0,0.0,1.0,328.6,16.7,3.19,2.08,11.0,3.0,1.0,0.0,2.0,4.0,1.0,0.8,6.0,10.0
431.8,2.5,431.0960588,431.0960588,83.6,673.0,0.0,1.0,7.0,5.0,30.0,0.0,2.0,2.0,0.0,0.0,0.0,0.0,1.0,307.5,11.54,3.31,1.51,9.0,2.0,1.0,0.0,2.0,4.0,0.0,0.8,5.0,10.0
227.19,-1.3,227.07061935,227.07061935,88.2,405.0,0.0,2.0,4.0,2.0,16.0,0.0,2.0,2.0,0.0,0.0,0.0,0.0,1.0,161.5,6.11,2.24,0.91,8.0,3.0,3.0,0.0,0.0,2.0,0.0,0.6,2.6,8.0
75.07,-1.2,75.043261792,75.043261792,84.6,44.0,0.0,3.0,2.0,0.0,5.0,0.0,0.0,0.0,0.0,0.0,0.0,0.0,1.0,53.8,1.81,1.06,0.53,4.0,0.0,2.0,1.0,1.0,0.0,0.0,0.4,0.0,1.0
456.7,7.3,456.36034539,456.36034539,57.5,874.0,0.0,2.0,3.0,1.0,33.0,0.0,10.0,10.0,0.0,0.0,0.0,0.0,1.0,365.4,15.19,2.63,1.69,11.0,3.0,1.0,1.0,0.0,5.0,1.0,0.8,3.6,1.0
321.9,3.5,321.1066465,321.1066465,50.6,449.0,0.0,1.0,2.0,2.0,21.0,0.0,1.0,1.0,0.0,0.0,0.0,0.0,1.0,245.7,8.85,4.4,0.87,7.0,1.0,1.0,0.0,1.0,3.0,1.0,0.6,2.8,10.0
302.37,2.7,302.16304257,302.16304257,69.6,447.0,0.0,2.0,4.0,6.0,22.0,0.0,1.0,0.0,1.0,2.0,2.0,0.0,1.0,246.6,15.95,2.95,1.31,7.0,2.0,1.0,0.0,1.0,1.0,2.0,0.8,7.0,10.0
197.96,0.4,196.9394963,196.9394963,69.7,220.0,0.0,1.0,3.0,0.0,11.0,0.0,0.0,0.0,0.0,0.0,0.0,0.0,1.0,118.5,3.54,2.35,0.57,5.0,3.0,1.0,0.0,0.0,1.0,0.0,0.4,0.0,1.0
334.37,0.6,334.1641052,334.1641052,115.0,349.0,0.0,2.0,8.0,8.0,24.0,0.0,0.0,0.0,0.0,0.0,0.0,0.0,1.0,255.4,13.37,2.54,1.45,9.0,4.0,2.0,0.0,1.0,2.0,0.0,0.8,8.0,10.0
218.2,0.2,218.07903816,218.07903816,78.9,229.0,0.0,0.0,6.0,8.0,15.0,0.0,0.0,0.0,0.0,0.0,0.0,0.0,1.0,165.4,6.84,3.11,1.13,3.0,3.0,0.0,0.0,0.0,0.0,0.0,0.8,8.0,10.0
264.36,1.0,264.183778013,264.183778013,38.4,400.0,0.0,0.0,2.0,0.0,19.0,0.0,5.0,4.0,1.0,0.0,0.0,0.0,1.0,200.6,5.58,3.04,0.98,6.0,1.0,0.0,1.0,0.0,4.0,0.0,0.6,2.0,10.0
324.29,0.8,324.10698424,324.10698424,113.0,476.0,0.0,0.0,8.0,4.0,23.0,0.0,1.0,0.0,1.0,1.0,1.0,0.0,1.0,233.1,14.82,3.84,1.12,11.0,6.0,0.0,1.0,1.0,3.0,0.0,0.8,7.0,10.0
